HoursBeforeSepsis,PatientObservations,UniquePatients,HR_Mean,HR_Median,HR_MissingPct,O2Sat_Mean,O2Sat_Median,O2Sat_MissingPct,Temp_Mean,Temp_Median,Temp_MissingPct,SBP_Mean,SBP_Median,SBP_MissingPct,MAP_Mean,MAP_Median,MAP_MissingPct,DBP_Mean,DBP_Median,DBP_MissingPct,Resp_Mean,Resp_Median,Resp_MissingPct,EtCO2_Mean,EtCO2_Median,EtCO2_MissingPct,BaseExcess_Mean,BaseExcess_Median,BaseExcess_MissingPct,HCO3_Mean,HCO3_Median,HCO3_MissingPct,FiO2_Mean,FiO2_Median,FiO2_MissingPct,pH_Mean,pH_Median,pH_MissingPct,PaCO2_Mean,PaCO2_Median,PaCO2_MissingPct,SaO2_Mean,SaO2_Median,SaO2_MissingPct,AST_Mean,AST_Median,AST_MissingPct,BUN_Mean,BUN_Median,BUN_MissingPct,Alkalinephos_Mean,Alkalinephos_Median,Alkalinephos_MissingPct,Calcium_Mean,Calcium_Median,Calcium_MissingPct,Chloride_Mean,Chloride_Median,Chloride_MissingPct,Creatinine_Mean,Creatinine_Median,Creatinine_MissingPct,Bilirubin_direct_Mean,Bilirubin_direct_Median,Bilirubin_direct_MissingPct,Glucose_Mean,Glucose_Median,Glucose_MissingPct,Lactate_Mean,Lactate_Median,Lactate_MissingPct,Magnesium_Mean,Magnesium_Median,Magnesium_MissingPct,Phosphate_Mean,Phosphate_Median,Phosphate_MissingPct,Potassium_Mean,Potassium_Median,Potassium_MissingPct,Bilirubin_total_Mean,Bilirubin_total_Median,Bilirubin_total_MissingPct,TroponinI_Mean,TroponinI_Median,TroponinI_MissingPct,Hct_Mean,Hct_Median,Hct_MissingPct,Hgb_Mean,Hgb_Median,Hgb_MissingPct,PTT_Mean,PTT_Median,PTT_MissingPct,WBC_Mean,WBC_Median,WBC_MissingPct,Fibrinogen_Mean,Fibrinogen_Median,Fibrinogen_MissingPct,Platelets_Mean,Platelets_Median,Platelets_MissingPct
-24,1563,1563,88.5123372172721,87.0,6.653870761356366,97.22284512964261,98.0,8.701215611004478,37.08733727810652,37.11,67.56238003838772,124.39134472511144,121.5,13.883557261676263,81.87324702589223,80.0,8.573256557901471,62.27512776831346,61.0,24.888035828534868,19.985938641344045,19.5,12.412028150991683,33.30061349693251,33.0,89.57133717210493,-0.4658119658119658,0.0,92.51439539347409,24.129411764705882,24.0,94.5617402431222,0.5294009216589861,0.5,86.11644273832374,7.388590604026844,7.4,90.46705054382598,40.14416666666667,39.0,92.32245681381957,93.275,97.0,95.39347408829175,163.6315789473684,74.0,97.56877799104286,28.08955223880597,22.0,91.42674344209853,113.35897435897436,80.0,97.50479846449136,7.242248062015504,8.2,91.74664107485604,106.63157894736842,106.0,93.92194497760717,1.5723076923076922,1.0,92.51439539347409,4.645,3.8549999999999995,99.74408189379399,136.66608391608392,127.0,81.70185540627,2.738205128205128,2.1,95.00959692898272,2.0640625,2.0,91.81062060140755,3.5516853932584267,3.3,94.30582213691619,4.107966101694916,4.1,88.67562380038387,4.364102564102564,0.9,97.50479846449136,6.531000000000001,0.335,99.36020473448497,30.272151898734176,29.5,89.89123480486244,10.237867647058822,9.9,91.29878438899553,41.229824561403504,34.4,96.3531669865643,12.958730158730159,11.75,91.93857965451056,233.91666666666666,209.5,99.23224568138195,180.84070796460176,177.0,92.7703134996801
-23,1598,1598,88.11211512717537,87.0,6.508135168961202,97.2568870523416,98.0,9.136420525657071,37.13454388984509,37.11,63.64205256570713,124.12765173410403,122.0,13.391739674593243,81.42456832087016,80.0,7.947434292866083,62.19644351464435,61.0,25.219023779724658,19.92233357193987,20.0,12.57822277847309,32.937106918238996,33.0,90.05006257822278,-0.7859813084112149,0.0,93.30413016270339,23.7012987012987,24.0,95.18147684605756,0.5328102189781021,0.5,82.85356695869838,7.387876712328768,7.4,90.86357947434293,39.4575221238938,38.0,92.92866082603254,92.96470588235294,96.5,95.74468085106383,317.03125,35.0,97.99749687108886,33.63636363636363,27.0,91.73967459324155,91.35483870967742,82.0,98.06007509386734,6.994523809523809,8.0,92.11514392991239,106.18823529411765,106.0,94.68085106382979,1.9513274336283186,1.2,92.92866082603254,3.3000000000000003,1.2,99.7496871088861,135.41003460207614,127.0,81.91489361702128,2.628474576271186,1.75,96.30788485607009,2.1523076923076925,2.1,91.8648310387985,3.7011111111111115,3.3,94.36795994993741,4.025586592178771,3.9,88.79849812265331,3.7880000000000003,1.0,98.43554443053817,1.47,0.63,99.18648310387985,30.08689655172414,29.5,90.9261576971214,10.06375,9.9,92.49061326658324,44.977551020408164,35.3,96.93366708385481,12.992592592592594,11.25,93.2415519399249,284.25,254.0,99.49937421777221,187.93617021276594,162.0,94.11764705882352
-22,1618,1618,88.08360548661005,87.0,5.377008652657602,97.37641196013288,98.0,6.983930778739183,37.048123980424144,37.1,62.113720642768854,124.70756392045455,123.0,12.978986402966624,81.49877837116155,80.0,7.416563658838071,62.774959083469724,61.0,24.474660074165637,20.041114982578396,20.0,11.31025957972806,32.767080745341616,33.0,90.04944375772558,0.20327868852459016,0.0,92.45982694684795,23.871794871794872,23.5,95.17923362175526,0.5092708333333333,0.5,82.20024721878862,7.395165562913908,7.4,90.66749072929542,41.64453125,40.0,92.08899876390606,92.2530303030303,96.05,95.92088998763906,275.7878787878788,46.0,97.96044499381952,33.44347826086957,24.0,92.89245982694685,99.18181818181819,92.0,97.96044499381952,7.064811320754717,8.1,93.4487021013597,105.26666666666667,106.0,94.43757725587145,1.8542857142857143,1.2,93.94313967861557,0.8666666666666667,0.4,99.81458590852905,142.36481481481482,132.75,83.31273176761434,2.376388888888889,1.7,95.55006180469717,2.1063025210084034,2.1,92.64524103831891,3.846913580246914,3.3,94.99381953028431,4.081490683229813,4.0,90.04944375772558,1.7482758620689653,1.3,98.20766378244747,34.568749999999994,2.625,99.50556242274413,29.815140845070424,29.25,91.22373300370829,10.051680672268908,9.8,92.64524103831891,45.32931034482758,33.3,96.41532756489494,12.834285714285713,12.0,93.51050679851669,238.0,242.5,99.50556242274413,206.58426966292134,170.0,94.49938195302843
-21,1640,1640,88.17443365695793,88.0,5.7926829268292686,97.19762062128223,98.0,7.7439024390243905,37.10100840336134,37.1,63.71951219512195,124.29754385964912,122.0,13.109756097560975,81.79556945358789,80.0,7.378048780487805,62.6271186440678,62.0,24.45121951219512,19.93156808803301,20.0,11.341463414634147,32.97878787878788,34.0,89.9390243902439,-0.2125,0.0,92.6829268292683,22.779411764705884,24.0,95.85365853658536,0.5175686274509804,0.5,84.45121951219512,7.38686274509804,7.4,90.67073170731707,40.7008,40.0,92.3780487804878,95.45649350649352,97.0,95.30487804878048,267.0,82.0,98.53658536585365,30.725490196078432,23.0,93.78048780487805,125.29166666666667,89.0,98.53658536585365,6.554242424242425,7.9,93.96341463414633,105.26,106.0,95.42682926829268,1.3951219512195123,1.0,95.0,2.1,0.2,99.7560975609756,136.73039215686273,129.0,84.45121951219512,2.837439024390244,2.05,95.0,2.122772277227723,2.1,93.84146341463413,3.5048387096774194,3.3,96.21951219512195,4.098333333333334,4.0,90.48780487804878,2.5799999999999996,1.05,98.78048780487805,13.5,4.67,99.08536585365853,30.398412698412702,29.4,92.31707317073172,10.272380952380951,10.1,93.59756097560977,44.14883720930232,35.7,97.3780487804878,11.681111111111107,10.2,94.51219512195121,280.6,214.5,99.39024390243902,188.2125,163.5,95.1219512195122
-20,1663,1663,87.96625567813108,87.0,7.336139506915214,97.27969475779695,98.0,9.380637402285027,37.092559852670355,37.1,67.34816596512327,124.48827030812325,121.75,14.131088394467831,81.89379196840027,81.0,8.659049909801563,62.64571544058205,61.0,25.616355983162958,20.006524725274726,19.5,12.447384245339748,32.34049079754601,33.0,90.19843656043295,-0.35895522388059703,0.0,91.94227300060133,24.247191011235955,24.0,94.64822609741431,0.5399999999999999,0.5,84.48586891160554,7.3847826086956525,7.39,90.31870114251352,40.64609375,39.0,92.30306674684306,93.19590163934426,97.0,96.3319302465424,183.74285714285713,45.0,97.8953698135899,26.771653543307085,21.0,92.36319903788335,137.54285714285714,81.0,97.8953698135899,7.592905982905984,8.3,92.96452194828623,104.74747474747475,105.0,94.04690318701142,1.5904424778761062,1.02,93.20505111244738,0.2,0.2,99.93986770895971,139.2871287128713,131.0,81.77991581479255,2.8498529411764704,2.0,95.91100420926037,2.0381679389312977,2.0,92.12266987372219,3.506593406593407,3.3,94.52796151533374,4.056011235955056,3.9,89.29645219482862,3.21,1.0,98.19603126879134,36.73799999999999,15.274999999999999,99.39867708959711,29.791059602649007,29.1,90.92002405291642,10.063333333333333,9.9,92.78412507516536,47.82608695652174,36.0,95.85087191822008,11.233333333333334,9.850000000000001,93.50571256764883,328.53846153846155,275.0,99.21828021647624,189.58762886597938,163.0,94.167167769092
-19,1696,1696,88.04024081115335,87.0,6.9575471698113205,97.26430429128739,98.0,9.316037735849056,37.12556506849315,37.2,65.56603773584906,124.4994820441989,122.0,14.622641509433961,81.94866796621183,81.0,9.257075471698114,62.60262529832936,61.0,25.884433962264154,19.963900134952766,20.0,12.617924528301888,32.6625,33.0,90.56603773584906,-0.3732758620689655,0.0,93.16037735849056,23.510416666666668,23.0,94.33962264150944,0.5303461538461538,0.5,84.66981132075472,7.382679738562093,7.39,90.97877358490565,40.89663865546218,39.0,92.98349056603774,92.64098360655738,97.0,96.40330188679245,345.5810810810811,40.0,97.81839622641509,27.03435114503817,23.0,92.27594339622641,116.19444444444444,91.5,97.87735849056604,6.899495798319327,8.0,92.98349056603774,105.70833333333333,106.0,93.63207547169812,1.488411214953271,1.1,93.69103773584906,1.035,0.6000000000000001,99.76415094339622,142.59833333333333,131.0,82.31132075471697,2.528169014084507,1.7,95.81367924528303,2.110820895522388,2.1,92.09905660377359,3.3063953488372095,3.2,94.92924528301887,4.079836065573771,4.0,89.20990566037736,3.7571428571428567,0.6499999999999999,98.34905660377359,14.571250000000001,3.4400000000000004,99.52830188679245,30.309352517985612,29.4,91.80424528301887,10.106451612903227,9.9,92.68867924528303,43.34615384615385,34.95,96.93396226415094,12.269565217391305,11.1,93.21933962264151,430.3,307.0,99.41037735849056,179.34536082474227,169.0,94.28066037735849
-18,1723,1723,88.01545117428924,87.0,6.0940220545560075,97.22479391249207,98.0,8.473592571096924,37.12142424242424,37.17,61.69471851421938,124.02239304812834,122.0,13.174695298897271,81.50261363636363,79.5,8.067324434126522,62.787750385208014,62.0,24.666279744631456,19.891932270916335,19.5,12.594312246082415,32.780701754385966,33.0,90.07544979686594,-0.21621621621621623,0.0,91.4103308183401,23.653465346534652,24.0,94.13813116656993,0.5207565789473684,0.5,82.35635519442832,7.385028901734104,7.39,89.95937318630295,40.653237410071945,39.0,91.93267556587348,91.73050847457628,97.0,96.57573998839234,430.45714285714286,57.0,97.968659315148,26.17910447761194,21.0,92.22286709228091,111.94117647058823,78.5,98.02669762042949,7.210924369747898,8.1,93.0934416715032,105.41818181818182,105.5,93.61578641903657,1.480841121495327,1.0,93.78990133488102,2.1283333333333334,1.535,99.65177016831109,140.2006920415225,130.0,83.22692977365061,2.298271604938272,1.7,95.29889727219965,2.0345323741007193,2.0,91.93267556587348,3.4955555555555557,3.25,94.77655252466629,4.035797872340425,4.0,89.08879860708068,2.4185185185185185,0.9,98.43296575739988,5.61,0.13,99.36157864190366,30.123743016759775,29.2,89.61114335461404,10.189869281045754,10.0,91.12013929193267,47.67258064516129,35.1,96.40162507254789,13.657142857142857,11.45,91.874637260592,288.2,243.0,99.12942542077772,188.79310344827587,164.0,93.26755658734764
-17,1757,1757,87.84984709480122,87.0,6.9436539556061465,97.28028876333961,98.0,9.3340922026181,37.112803278688524,37.1,65.28173022196927,124.0087343441002,122.0,13.659647125782584,81.57325436408978,80.0,8.708025042686398,62.909541984732826,61.0,25.441092771770062,19.974853037230567,19.5,12.8628343767786,33.1656976744186,33.0,90.21058622652248,0.037162162162162164,0.0,91.57655093910074,24.5,25.0,93.739328400683,0.5158781362007169,0.5,84.12066021627774,7.399052631578948,7.41,89.1861126920888,39.66418918918919,38.5,91.57655093910074,95.5,97.35,95.78827546955037,547.5,60.0,98.06488332384747,28.5472972972973,21.5,91.57655093910074,127.52777777777777,87.5,97.95105293113261,7.306338028169014,8.1,91.9180421172453,105.50420168067227,107.0,93.22709163346613,1.4256060606060608,1.02,92.48719408081958,6.5,6.5,99.94308480364256,135.34908536585365,127.5,81.3318155947638,2.4181443298969074,1.7,94.47922595332953,2.117730496453901,2.1,91.97495731360273,3.579646017699115,3.3,93.5685828116107,4.070108695652174,4.0,89.52760387023335,5.265625000000001,1.85,98.17871371656233,14.319999999999999,1.25,99.43084803642573,29.941470588235294,29.35,90.32441661923734,10.265068493150684,10.0,91.6903813318156,41.21111111111111,33.15,95.90210586226523,13.012781954887217,11.3,92.43027888446214,350.75,292.5,99.31701764371087,192.73553719008265,170.0,93.11326124075127
-16,1786,1786,88.0956678700361,87.0,6.9428891377379625,97.28234212139792,98.0,8.678611422172452,37.12686541737649,37.1,67.13325867861141,123.69248217757615,122.0,13.60582306830907,81.06541919805589,79.0,7.838745800671893,62.34449659348978,61.0,26.035834266517355,19.904472843450478,19.0,12.374020156774916,32.985207100591715,34.0,90.53751399776036,0.2711267605633803,0.0,92.04927211646137,24.72463768115942,24.0,92.27323628219484,0.5237454545454545,0.5,84.60246360582306,7.394829545454544,7.4,90.14557670772676,40.82857142857143,41.0,92.5531914893617,92.26338028169013,96.6,96.02463605823068,129.25641025641025,47.0,97.81634938409854,26.86416184971098,21.0,90.31354983202688,102.46153846153847,80.0,97.81634938409854,7.324055944055943,8.1,91.993281075028,105.4375,106.0,91.93729003359462,1.5110294117647058,0.99,92.38521836506159,2.8000000000000003,1.1,99.83202687569988,135.13033536585365,127.0,81.63493840985441,2.5458227848101265,1.6,95.57670772676371,2.0895953757225434,2.0,90.31354983202688,3.5689655172413794,3.45,93.505039193729,4.079262672811059,4.1,87.84994400895857,4.557142857142856,1.3,98.43225083986562,5.748749999999999,0.19,99.10414333706606,29.196022727272727,28.7,90.14557670772676,9.881012658227847,9.7,91.15341545352743,42.719718309859154,34.5,96.02463605823068,12.123489932885906,11.2,91.65733482642777,283.7692307692308,240.0,99.27211646136618,195.36,198.0,93.00111982082868
-15,1825,1825,88.31818181818181,87.0,7.178082191780821,97.27764350453172,98.0,9.315068493150685,37.1292234548336,37.11,65.42465753424658,124.39079538165491,122.0,14.575342465753424,81.47762620192309,80.0,8.821917808219178,62.56179564237416,61.0,27.06849315068493,19.916876178504086,19.0,12.821917808219178,32.921052631578945,33.0,90.63013698630137,0.5778481012658228,0.0,91.34246575342466,24.19214285714286,24.0,92.32876712328768,0.5267123287671234,0.5,84.0,7.39185,7.4,89.04109589041096,41.57388535031848,40.0,91.3972602739726,94.55111111111111,97.0,95.06849315068493,137.67391304347825,63.5,97.47945205479452,30.07909604519774,22.0,90.3013698630137,97.51162790697674,79.0,97.64383561643835,7.2453594771241825,8.1,91.61643835616438,105.79470198675497,106.0,91.72602739726028,1.6212056737588652,0.99,92.27397260273973,1.0666666666666667,0.6000000000000001,99.67123287671232,138.614161849711,129.0,81.04109589041096,2.358780487804878,1.6,95.5068493150685,2.092696629213483,2.0,90.24657534246575,3.5622807017543856,3.1,93.75342465753424,4.101350210970464,4.1,87.01369863013699,3.2365853658536587,1.1,97.75342465753425,64.905,15.145,99.78082191780821,30.206451612903223,29.700000000000003,89.8082191780822,10.207692307692305,10.1,90.73972602739727,39.56666666666666,31.2,95.23287671232876,12.217307692307692,10.6,91.45205479452055,232.72727272727272,217.0,99.39726027397259,213.0077519379845,191.0,92.93150684931507
-14,1849,1849,88.19299768518519,87.0,6.5440778799351005,97.22268163024218,98.0,8.436992969172525,37.114406294706725,37.1,62.19578150351541,123.70377358490566,122.0,14.007571660356948,81.12545830869308,80.0,8.545159545700379,62.07692307692308,61.0,26.879394267171442,19.97366790582404,19.0,12.709572742022715,32.87777777777778,34.0,90.26500811249323,-0.23093525179856117,0.0,92.48242293131422,24.1900826446281,24.0,93.45592212006491,0.5170198675496688,0.5,83.66684694429422,7.3868965517241385,7.4,90.5895078420768,40.21851851851852,39.0,92.69875608436993,93.70405405405405,97.0,95.99783666846943,355.3421052631579,38.0,97.94483504597079,28.939102564102566,22.5,91.56300703082746,94.76315789473684,78.5,97.94483504597079,7.449856115107914,8.1,92.48242293131422,105.32283464566929,105.0,93.13142239048135,1.4978625954198472,1.0,92.91508923742565,0.9,0.7,99.67550027041644,134.72307692307692,126.0,82.4229313142239,2.6633333333333336,1.7,95.61925365062196,2.0703947368421054,2.0,91.77934018388318,3.5666666666666664,3.4,93.99675500270416,4.055217391304348,4.0,88.80475932936722,1.5772727272727274,0.9,98.21525148729042,37.93666666666667,3.28,99.51325040562466,29.892592592592592,29.1,89.77825851811791,10.082716049382714,9.9,91.23850730124391,40.79722222222222,34.45,96.1060032449973,14.332653061224487,11.5,92.04975662520282,299.8666666666667,214.0,99.18875067604111,210.21875,183.0,93.07733910221742
-13,1892,1892,88.20354488279017,88.0,7.55813953488372,97.24297423887587,98.0,9.725158562367865,37.16926447574335,37.2,66.2262156448203,124.28874767513949,123.0,14.746300211416491,81.42348958333334,80.0,8.668076109936575,62.35182481751825,61.0,27.58985200845666,19.983282208588957,19.0,13.847780126849896,32.89071038251366,33.0,90.3276955602537,-0.3820512820512821,0.0,91.75475687103594,23.79646017699115,23.0,94.02748414376322,0.5258783783783783,0.5,84.35517970401692,7.385531914893617,7.39,90.06342494714588,41.062913907284766,39.0,92.01902748414376,94.82571428571428,97.0,96.30021141649048,344.1363636363636,51.5,97.67441860465115,32.2027027027027,22.5,92.17758985200845,117.0,75.0,97.72727272727273,7.275078125,8.1,93.23467230443974,105.6639344262295,106.0,93.55179704016913,1.7136521739130435,1.1,93.92177589852008,0.725,0.4,99.78858350951374,138.6186943620178,129.0,82.18816067653277,2.259473684210526,1.7,94.97885835095138,2.1194078947368418,2.1,91.9661733615222,3.7474747474747474,3.2,94.76744186046511,4.101674876847291,4.0,89.2706131078224,2.7189189189189187,0.8,98.04439746300211,3.7315384615384612,0.73,99.31289640591966,30.492682926829268,29.4,91.33192389006342,10.343115942028986,10.149999999999999,92.7061310782241,46.70324675324675,34.3,95.93023255813954,12.15079365079365,11.2,93.34038054968288,384.22222222222223,350.0,99.52431289640592,203.4537037037037,196.0,94.29175475687104
-12,1939,1939,88.45398428731762,88.0,8.096957194430118,97.2542808219178,98.0,9.644146467251161,37.13400684931507,37.2,69.88138215575039,123.11434226552984,121.0,15.317173800928312,81.12231867504283,80.0,9.695719443011862,62.30561555075594,61.0,28.365136668385766,20.153279181708786,19.75,14.285714285714285,33.297814207650276,34.0,90.56214543579163,-0.04128787878787881,0.0,93.19236719958741,24.644761904761904,24.0,94.58483754512635,0.5206884057971015,0.5,85.76585869004641,7.390116959064327,7.4,91.18102114492007,40.02357142857143,39.0,92.7797833935018,94.05975609756098,97.0,95.77101598762249,206.02777777777777,65.5,98.14337287261475,29.80952380952381,24.0,92.4187725631769,99.72222222222223,70.0,98.14337287261475,7.229781021897811,8.1,92.9345023207839,105.5042735042735,106.0,93.96596183599793,1.5291935483870969,1.1,93.60495100567303,1.9866666666666666,1.3,99.8452810727179,139.33968253968254,130.0,83.75451263537906,2.7125274725274724,1.73,95.30685920577618,2.0898648648648646,2.1,92.3671995874162,3.312621359223301,3.2,94.68798349664776,4.00170731707317,3.9,89.42753996905621,2.503448275862069,1.0,98.50438370293966,4.3536363636363635,0.27,99.43269726663229,30.757947019867547,30.3,92.21248066013409,10.230075187969925,10.0,93.14079422382672,50.63384615384615,37.9,96.64775657555441,12.600833333333334,11.55,93.81124290871583,276.5,231.5,99.484270242393,199.55045871559633,167.0,94.37854564208354
-11,1984,1984,88.85172037138176,88.0,7.711693548387097,97.23301781737194,98.0,9.475806451612904,37.16643578643579,37.2,65.07056451612904,123.98856889414547,122.0,14.768145161290322,81.41473392461197,80.0,9.07258064516129,62.61537114845938,61.0,28.024193548387093,20.162441724941726,20.0,13.508064516129032,33.43715846994535,34.0,90.77620967741935,-0.425,0.0,93.6491935483871,24.513084112149535,24.0,94.60685483870968,0.5326451612903226,0.5,84.375,7.385625,7.4,91.93548387096774,40.378787878787875,39.2,93.34677419354838,92.40384615384616,96.5,96.72379032258065,317.8611111111111,48.0,98.18548387096774,26.114093959731544,21.0,92.48991935483872,123.94444444444444,74.5,98.18548387096774,7.295454545454546,8.2,93.34677419354838,105.49561403508773,106.0,94.25403225806451,1.7122834645669294,1.0,93.59879032258065,1.3960000000000001,0.5,99.74798387096774,136.70268138801262,126.0,84.02217741935483,2.5444186046511628,1.7,95.66532258064517,2.0905797101449277,2.0,93.04435483870968,3.7760416666666665,3.5,95.16129032258065,4.09253807106599,4.0,90.07056451612904,1.9714285714285715,0.85,98.58870967741935,3.961052631578947,0.16,99.04233870967742,30.014857142857146,29.7,91.17943548387096,10.093831168831167,10.2,92.23790322580645,50.02368421052631,35.55,96.16935483870968,12.263235294117647,11.05,93.14516129032258,321.8666666666667,228.0,99.24395161290323,186.09583333333333,177.5,93.95161290322581
-10,2013,2013,88.62633832976445,88.0,7.203179334326876,97.23648279628618,98.0,9.041231992051664,37.12880886426593,37.11,64.13313462493791,124.01892836342458,122.0,14.704421261798311,81.76450435729848,80.0,8.79284649776453,63.0713058419244,61.0,27.719821162444113,20.106775300171527,19.5,13.114754098360656,33.1283422459893,33.0,90.7103825136612,-0.02816455696202531,0.0,92.15101838052658,24.032608695652176,24.0,94.28713363139593,0.5218367346938776,0.5,82.96075509190264,7.392020202020201,7.41,90.1639344262295,40.926785714285714,40.0,91.65424739195231,93.46298701298701,97.0,96.17486338797814,226.86666666666667,60.0,97.7645305514158,30.88235294117647,22.0,92.39940387481371,153.7111111111111,96.0,97.7645305514158,7.120503597122302,8.0,93.09488325881769,106.34677419354838,106.0,93.84003974167908,1.6748201438848922,1.1,93.09488325881769,2.55875,0.7,99.60258320914058,136.7764705882353,129.0,83.10978638847492,2.2036263736263737,1.7,95.47938400397416,2.033557046979866,2.0,92.59811227024342,3.809345794392523,3.3,94.68455042225534,4.1378365384615385,4.0,89.66716343765523,3.0441860465116273,1.2,97.86388474913065,17.197692307692307,0.26,99.35419771485346,29.53037634408602,29.15,90.76005961251863,9.905732484076433,9.8,92.20069547938401,48.70641025641026,34.75,96.1251862891207,12.169310344827586,10.8,92.79682066567312,298.4,208.0,98.75807252856433,195.2159090909091,177.0,93.44262295081968
-9,2051,2051,88.7080501829587,88.0,6.728425158459288,97.182302771855,98.0,8.532423208191126,37.13200280112045,37.1,65.18771331058021,123.59107648725212,121.0,13.94441735738664,81.55472765732416,80.0,7.80107264748903,62.98620457604307,61.0,27.547537786445638,20.165223463687152,20.0,12.725499756216479,32.816326530612244,32.75,90.44368600682594,-0.09016853932584268,0.0,91.32130667966845,24.245945945945948,24.0,94.58800585080449,0.5162848297213622,0.5,84.25158459288153,7.38595238095238,7.39,89.76109215017065,41.23664596273292,40.0,92.15017064846417,93.70253164556962,97.0,96.14822038030229,481.1860465116279,47.0,97.90346172598733,29.03921568627451,23.0,92.54022428083861,102.80952380952381,69.5,97.95221843003414,7.269253731343284,8.2,93.46660165772794,107.07786885245902,107.0,94.05168210628962,1.5779687500000001,1.1,93.75914188200878,,,100.0,134.79942693409743,129.0,82.98391028766456,2.1031999999999997,1.5,95.12432959531935,2.0753424657534247,2.1,92.88152120916627,3.618556701030928,3.4,95.27059970745978,4.072790697674418,4.0,89.51730862993662,2.1923076923076925,0.9,98.09848854217455,3.633333333333333,0.09,99.41491955143832,30.849700598802393,30.5,91.85763042418333,10.38782894736842,10.3,92.58898098488542,44.54461538461538,35.9,96.83081423695758,12.73203125,11.3,93.75914188200878,260.8,188.0,99.2686494392979,204.20689655172413,190.5,94.34422233057045
-8,2104,2104,88.92983367983368,88.0,8.555133079847907,97.1501860712387,98.0,10.598859315589355,37.10657935285054,37.11,69.15399239543726,122.95918079096045,121.0,15.874524714828897,81.28580390089614,80.0,9.838403041825094,62.8046511627907,61.0,28.46958174904943,20.219478357380687,20.0,14.353612167300382,33.505181347150256,33.5,90.82699619771863,0.0660377358490566,0.0,92.44296577946768,24.828260869565216,25.0,95.62737642585552,0.5309900990099009,0.5,85.59885931558935,7.3847499999999995,7.39,90.49429657794677,41.732236842105266,40.0,92.77566539923954,92.86595744680852,96.0,95.53231939163499,326.6,73.0,98.33650190114068,28.094890510948904,18.0,93.48859315589354,116.56944444444444,86.25,98.28897338403041,7.250172413793103,8.2,94.48669201520913,105.8061224489796,106.0,95.34220532319392,1.6988181818181818,0.9,94.77186311787072,0.9200000000000002,0.4,99.76235741444867,138.3496835443038,130.25,84.9809885931559,2.408765432098765,1.72,96.15019011406845,2.068604651162791,2.0,93.86882129277566,3.5697674418604652,3.2,95.91254752851711,4.131752577319587,4.0,90.77946768060836,2.117241379310345,0.9,98.62167300380229,20.61466666666667,1.18,99.287072243346,29.86604938271605,29.2,92.30038022813687,10.171212121212122,9.9,93.72623574144487,45.189240506329114,33.7,96.24524714828897,11.580833333333333,10.45,94.29657794676805,317.89130434782606,266.0,98.90684410646388,197.33333333333334,176.0,95.00950570342205
-7,2154,2154,88.84166241713412,88.0,8.960074280408541,97.06664924202823,98.0,11.188486536675951,37.13301104972376,37.185,66.38811513463324,123.29884422110554,121.0,16.852367688022284,81.1996008294453,79.33,10.445682451253482,62.69220607661823,61.0,29.71216341689879,20.288524145415085,20.0,14.438254410399256,33.0,33.0,90.90064995357474,-0.011337209302325598,0.0,92.01485608170844,24.516826923076923,24.825,95.17177344475395,0.5331901840490797,0.5,84.86536675951719,7.389711538461539,7.4,90.34354688950789,41.15380116959064,40.0,92.06128133704735,92.38072916666665,96.4,95.54317548746518,216.85416666666666,52.0,97.7715877437326,28.38888888888889,22.0,93.31476323119777,101.36170212765957,65.0,97.81801299907148,7.350081967213114,8.1,94.33611884865367,104.84210526315789,105.5,94.70752089136491,1.5025409836065573,0.94,94.33611884865367,0.5,0.5,99.86072423398329,135.54696132596686,128.0,83.19405756731662,2.478021978021978,1.8,95.7753017641597,2.064625850340136,2.0,93.17548746518106,3.537755102040817,3.2,95.45032497678737,4.051032863849765,4.0,90.11142061281338,2.37,0.75,98.14298978644382,7.856249999999999,2.775,99.62859795728876,30.103578431372544,30.0,90.5292479108635,10.169875776397516,10.0,92.52553389043639,44.822941176470586,35.9,96.05385329619313,12.701438848920864,11.1,93.54688950789229,378.1304347826087,304.0,98.9322191272052,193.4798387096774,175.0,94.24326833797586
-6,2199,2199,89.21358024691358,88.0,7.91268758526603,97.05597579425114,98.0,9.822646657571624,37.10403266331658,37.11,63.801728058208276,122.96600107933081,121.0,15.734424738517507,81.06983943803311,79.0,9.367894497498863,62.14283419023136,61.0,29.24056389267849,20.410976890756302,20.0,13.415188722146429,33.19095477386934,33.0,90.95043201455208,-0.4387755102040816,0.0,91.08685766257389,23.10511811023622,23.0,94.22464756707595,0.5235955056179775,0.5,83.81082310140974,7.381502145922746,7.38,89.40427467030469,41.40954773869347,40.0,90.95043201455208,92.97072072072072,97.0,94.95225102319236,162.58695652173913,49.0,97.9081400636653,26.964912280701753,20.0,92.2237380627558,103.43478260869566,85.0,97.9081400636653,7.034213836477988,7.9,92.76944065484311,106.69776119402985,107.0,93.90632105502502,1.414,0.9,93.63346975898136,1.1,1.1,99.90904956798545,138.15896739130434,130.0,83.26512050932241,2.662844827586207,1.745,94.72487494315598,2.1240740740740742,2.0,92.63301500682128,3.455172413793103,3.2,94.72487494315598,4.113346938775511,4.0,88.85857207821736,2.7783783783783784,0.9,98.3174170077308,11.203333333333333,0.275,99.45429740791269,30.013203463203464,29.9,89.49522510231922,10.094923857868022,10.2,91.04138244656662,40.22559523809524,34.6,96.1800818553888,13.099408284023669,11.0,92.31468849477035,403.6666666666667,340.0,98.90859481582538,184.39666666666668,164.0,93.1787175989086
-5,2264,2264,89.14896185417673,88.0,8.524734982332156,97.13690476190476,98.0,10.954063604240282,37.10435162094763,37.17,64.57597173144876,122.87398305084747,121.0,16.607773851590103,80.82041379310346,79.0,10.335689045936396,62.41534810126582,61.0,30.212014134275616,20.277218782249744,20.0,14.39929328621908,33.38647342995169,33.0,90.85689045936395,-0.7223163841807909,0.0,92.18197879858657,23.91807692307692,24.0,94.25795053003534,0.5418235294117647,0.5,84.98233215547704,7.376093023255814,7.39,90.50353356890459,40.84047619047619,40.0,92.57950530035336,92.415,96.85,96.46643109540636,506.8974358974359,51.0,98.2773851590106,29.323353293413174,22.0,92.62367491166079,114.51282051282051,85.0,98.2773851590106,7.174285714285715,8.1,93.19787985865725,105.81884057971014,106.0,93.90459363957598,1.6452447552447553,1.1,93.68374558303887,6.35,6.35,99.91166077738515,135.61707988980717,128.0,83.96643109540636,2.68348623853211,1.81,95.18551236749117,2.102439024390244,2.0,92.75618374558304,3.688181818181818,3.4,95.14134275618375,4.151949152542373,4.0,89.57597173144876,3.6135135135135132,0.9,98.36572438162544,20.1925,0.905,99.46996466431095,29.581796116504854,29.3,90.90106007067138,9.888251366120217,9.7,91.91696113074205,42.10689655172414,34.1,96.15724381625441,11.812578616352202,10.4,92.97703180212014,404.625,339.5,98.93992932862191,199.7642857142857,196.0,93.81625441696113
-4,2317,2317,89.06978922716628,88.0,7.854984894259818,97.09479015918959,98.0,10.53085886922745,37.10914893617021,37.11,69.5727233491584,123.62039877300613,121.0,15.580492015537335,81.02292439372324,79.0,9.236081139404401,62.51894898586355,61.0,29.779887785930082,20.26691729323308,20.0,13.897280966767372,33.12135922330097,33.0,91.10919292188174,-0.03169398907103826,0.0,92.10185584807942,24.6858407079646,26.0,95.12300388433319,0.5320895522388059,0.5,85.54164868364265,7.379067796610171,7.39,89.81441519205869,42.486528497409324,40.0,91.67026327147173,94.53750000000001,97.1,95.85671126456626,275.1162790697674,57.0,98.14415192058696,24.834375,20.0,93.09451877427708,113.5813953488372,87.0,98.14415192058696,7.241448275862069,8.1,93.74190763918861,106.0079365079365,105.5,94.5619335347432,1.5019402985074626,1.0,94.21665947345706,1.3566666666666667,0.6499999999999999,99.74104445403539,136.77868852459017,128.0,84.20371169615882,3.086601941747573,1.8,95.55459646094087,2.065243902439024,2.0,92.921881743634,3.6546296296296297,3.55,95.33880017263702,4.0445064377682405,4.0,89.943892965041,2.2424999999999997,1.05,98.27362969356928,5.415625,0.16999999999999998,99.30945187742772,29.855693069306934,29.3,91.28182995252482,10.163636363636364,10.0,92.87872248597324,48.51346153846154,37.2,96.63357790246008,12.409133333333333,10.850000000000001,93.52611135088476,312.36842105263156,235.0,99.1799741044454,184.35271317829458,167.0,94.4324557617609
-3,2363,2363,89.10535959688502,88.0,7.61743546339399,97.13430042115115,98.0,9.564113415150233,37.19462324393359,37.2,66.86415573423614,123.41167664670658,122.0,15.192551840880236,81.03505838393274,79.0,9.394837071519255,62.55618990384615,61.0,29.581041049513328,20.257977417771233,20.0,13.796022005924671,32.808056872037916,33.0,91.07067287346592,-0.34587912087912087,0.0,92.29792636479051,24.155395683453236,24.0,94.11764705882352,0.5238655462184874,0.5,84.89208633093526,7.382000000000001,7.39,90.47820567075752,40.992222222222225,40.0,92.382564536606,93.96789473684211,97.0,95.97968683876428,289.6984126984127,65.0,97.3338975878121,29.13131313131313,21.0,91.62082099026661,85.45161290322581,72.0,97.37621667371985,7.260239520958084,8.1,92.9327126534067,105.81,105.0,93.65213711383834,1.5639877300613498,1.0,93.10198899703767,2.5124999999999997,0.8500000000000001,99.66144731273805,134.0012886597938,125.0,83.58019466779517,2.457075471698113,1.82,95.5141768937791,2.1335897435897433,2.1,91.74777824798984,3.5572580645161294,3.1500000000000004,94.75243334743969,4.109489051094891,4.0,88.40457046127803,2.43,1.1,97.88404570461277,1.0093750000000001,0.16999999999999998,99.32289462547608,30.361181434599157,29.5,89.97037663986458,10.276960784313726,10.05,91.36690647482014,42.715656565656566,34.8,95.8104104951333,13.609340659340658,12.05,92.29792636479051,259.575,214.5,99.15361828184511,196.3474025974026,172.0,93.48286077020737
-2,2430,2430,89.25560538116592,88.0,8.23045267489712,97.03646788990825,98.0,10.2880658436214,37.14702394526796,37.17,63.90946502057613,122.88848039215686,121.0,16.049382716049383,81.08886301369863,79.5,9.876543209876543,62.741587957497046,61.25,30.288065843621396,20.381724303554275,20.0,14.320987654320987,32.74444444444445,32.5,90.74074074074075,-0.26215596330275226,0.0,91.02880658436214,23.97233333333333,24.0,93.82716049382715,0.5323598130841122,0.5,82.38683127572017,7.385355805243446,7.39,89.01234567901236,40.70227272727273,39.0,90.94650205761316,92.25120967741935,97.0,94.89711934156378,303.234375,62.5,97.36625514403292,29.756218905472636,23.0,91.72839506172839,114.15625,75.5,97.36625514403292,7.192544378698225,8.1,93.04526748971193,105.5122699386503,106.0,93.29218106995884,1.6997515527950313,1.13,93.37448559670783,3.3200000000000003,2.2,99.79423868312757,143.05012224938875,132.0,83.16872427983539,2.655530303030303,1.7,94.5679012345679,2.05699481865285,2.0,92.05761316872429,3.8516949152542375,3.5,95.14403292181069,4.131056338028169,4.09,88.3127572016461,3.0450980392156866,1.1,97.90123456790123,15.556875000000002,1.0050000000000001,99.34156378600824,29.803909465020578,29.2,90.0,10.088659793814433,9.8,92.01646090534979,38.70094339622641,33.349999999999994,95.63786008230453,14.219714285714284,11.9,92.79835390946502,215.80434782608697,209.0,99.05349794238684,216.63758389261744,193.0,93.86831275720165
-1,2506,2506,89.64148889856334,89.0,8.339984038308062,97.10152057245081,98.0,10.77414205905826,37.14172131147541,37.2,65.92178770949721,123.17835076045627,120.0,16.0415003990423,81.00898185037627,79.0,9.85634477254589,62.703187823090175,61.0,30.5267358339984,20.41647250698975,20.0,14.365522745411013,32.73981900452489,33.0,91.18116520351157,-0.025000000000000012,0.0,91.30087789305666,24.194,24.175,94.01436552274541,0.5331377551020408,0.5,84.35754189944134,7.3870786516853935,7.4,89.34557063048683,41.51581395348837,40.0,91.42059058260176,92.64049586776859,97.0,95.17158818834797,550.728813559322,44.0,97.64565043894653,33.201492537313435,26.0,91.97924980047884,96.33898305084746,76.0,97.64565043894653,7.283500000000001,8.0,92.8172386272945,106.07272727272728,106.0,93.41580207501995,1.7589534883720928,1.2,93.1364724660814,5.038888888888889,0.6,99.64086193136473,139.91334894613584,128.0,82.9608938547486,2.4399212598425195,1.7,94.93216280925778,2.117156862745098,2.1,91.85953711093376,3.776515151515151,3.3499999999999996,94.73264166001596,4.102903225806452,4.0,88.86671987230646,3.0869999999999997,0.75,98.00478850758181,4.8109090909090915,0.58,99.122106943336,30.3398406374502,30.1,89.98403830806066,10.280526315789475,10.2,91.66001596169194,44.86741573033708,34.0,96.44852354349561,13.329395604395604,11.850000000000001,92.73743016759776,259.57142857142856,190.0,99.16201117318437,192.5,163.0,93.49561053471668
