Feature,Missing_Count,Total_Rows,Missing_Percentage,Available_Count,Available_Percentage,Missingness_Category
Bilirubin_direct,1061308,1063284,99.81416065698346,1976,0.18583934301653926,Extremely high (>=90%)
Fibrinogen,1056445,1063284,99.35680401473171,6839,0.6431959852682922,Extremely high (>=90%)
TroponinI,1053077,1063284,99.04004950699907,10207,0.9599504930009317,Extremely high (>=90%)
Bilirubin_total,1047799,1063284,98.54366284078384,15485,1.4563371592161616,Extremely high (>=90%)
Alkalinephos,1046652,1063284,98.43578949744376,16632,1.5642105025562358,Extremely high (>=90%)
AST,1046466,1063284,98.41829652284808,16818,1.581703477151919,Extremely high (>=90%)
Lactate,1035862,1063284,97.42100887439292,27422,2.578991125607075,Extremely high (>=90%)
PTT,1032247,1063284,97.08102444878321,31037,2.918975551216789,Extremely high (>=90%)
SaO2,1027200,1063284,96.60636292843681,36084,3.393637071563191,Extremely high (>=90%)
EtCO2,1024888,1063284,96.38892337324741,38396,3.611076626752592,Extremely high (>=90%)
Phosphate,1021043,1063284,96.02730785001937,42241,3.972692149980631,Extremely high (>=90%)
HCO3,1019214,1063284,95.85529359982846,44070,4.144706400171543,Extremely high (>=90%)
Chloride,1015574,1063284,95.51295796795588,47710,4.487042032044116,Extremely high (>=90%)
BaseExcess,1006550,1063284,94.66426655531353,56734,5.335733444686468,Extremely high (>=90%)
PaCO2,1005283,1063284,94.54510742191174,58001,5.454892578088263,Extremely high (>=90%)
Calcium,1001410,1063284,94.1808585476693,61874,5.8191414523306975,Extremely high (>=90%)
Platelets,1000471,1063284,94.09254724043623,62813,5.907452759563768,Extremely high (>=90%)
Creatinine,998895,1063284,93.94432719762547,64389,6.055672802374531,Extremely high (>=90%)
Magnesium,996742,1063284,93.74184131426787,66542,6.258158685732127,Extremely high (>=90%)
WBC,995669,1063284,93.64092754146587,67615,6.359072458534129,Extremely high (>=90%)
pH,990846,1063284,93.18733282923472,72438,6.81266717076528,Extremely high (>=90%)
BUN,990845,1063284,93.18723878098419,72439,6.812761219015812,Extremely high (>=90%)
Hgb,985364,1063284,92.67176031991453,77920,7.328239680085474,Extremely high (>=90%)
FiO2,976166,1063284,91.80670451168267,87118,8.193295488317332,Extremely high (>=90%)
Hct,969575,1063284,91.18683249254197,93709,8.813167507458033,Extremely high (>=90%)
Potassium,965272,1063284,90.78214287057833,98012,9.217857129421674,Extremely high (>=90%)
