Dataset,HoursBeforeSepsis,PatientObservations,UniquePatients,HR_Mean,HR_Median,HR_MissingPct,O2Sat_Mean,O2Sat_Median,O2Sat_MissingPct,Temp_Mean,Temp_Median,Temp_MissingPct,SBP_Mean,SBP_Median,SBP_MissingPct,MAP_Mean,MAP_Median,MAP_MissingPct,DBP_Mean,DBP_Median,DBP_MissingPct,Resp_Mean,Resp_Median,Resp_MissingPct,EtCO2_Mean,EtCO2_Median,EtCO2_MissingPct,BaseExcess_Mean,BaseExcess_Median,BaseExcess_MissingPct,HCO3_Mean,HCO3_Median,HCO3_MissingPct,FiO2_Mean,FiO2_Median,FiO2_MissingPct,pH_Mean,pH_Median,pH_MissingPct,PaCO2_Mean,PaCO2_Median,PaCO2_MissingPct,SaO2_Mean,SaO2_Median,SaO2_MissingPct,AST_Mean,AST_Median,AST_MissingPct,BUN_Mean,BUN_Median,BUN_MissingPct,Alkalinephos_Mean,Alkalinephos_Median,Alkalinephos_MissingPct,Calcium_Mean,Calcium_Median,Calcium_MissingPct,Chloride_Mean,Chloride_Median,Chloride_MissingPct,Creatinine_Mean,Creatinine_Median,Creatinine_MissingPct,Bilirubin_direct_Mean,Bilirubin_direct_Median,Bilirubin_direct_MissingPct,Glucose_Mean,Glucose_Median,Glucose_MissingPct,Lactate_Mean,Lactate_Median,Lactate_MissingPct,Magnesium_Mean,Magnesium_Median,Magnesium_MissingPct,Phosphate_Mean,Phosphate_Median,Phosphate_MissingPct,Potassium_Mean,Potassium_Median,Potassium_MissingPct,Bilirubin_total_Mean,Bilirubin_total_Median,Bilirubin_total_MissingPct,TroponinI_Mean,TroponinI_Median,TroponinI_MissingPct,Hct_Mean,Hct_Median,Hct_MissingPct,Hgb_Mean,Hgb_Median,Hgb_MissingPct,PTT_Mean,PTT_Median,PTT_MissingPct,WBC_Mean,WBC_Median,WBC_MissingPct,Fibrinogen_Mean,Fibrinogen_Median,Fibrinogen_MissingPct,Platelets_Mean,Platelets_Median,Platelets_MissingPct
Dataset A,-24,949,949,89.11896745230078,88.0,6.111696522655427,97.344688221709,98.0,8.74604847207587,37.102222222222224,37.11,72.49736564805059,122.98177749360613,120.0,17.597471022128556,80.41998842592592,79.0,8.956796628029505,61.35819672131147,60.0,35.721812434141206,20.580102622576966,20.0,7.586933614330875,,,100.0,-0.4658119658119658,0.0,87.67123287671232,24.129411764705882,24.0,91.04320337197049,0.522192513368984,0.5,80.29504741833509,7.386147540983607,7.4,87.14436248682824,41.06989247311828,40.0,90.20021074815595,92.13,97.0,94.73129610115912,270.55555555555554,100.0,98.10326659641728,29.107142857142858,22.0,91.14857744994731,140.1578947368421,77.0,97.99789251844047,8.441379310344827,8.3,93.88830347734456,106.52941176470588,106.0,91.04320337197049,1.5432835820895523,1.0,92.9399367755532,,,100.0,130.58333333333334,126.5,87.98735511064278,2.388888888888889,1.85,94.30979978925184,2.04320987654321,2.0,91.46469968387777,3.7157894736842105,3.4,93.99367755532138,4.0852941176470585,4.05,89.2518440463646,5.426315789473684,0.7,97.99789251844047,,,100.0,30.95514018691589,30.0,88.72497365648051,10.661764705882353,10.5,91.04320337197049,41.05111111111111,34.4,95.25816649104321,13.373684210526317,12.5,91.99157007376185,248.57142857142858,217.0,99.26238145416228,191.73015873015873,181.0,93.36143308746048
Dataset A,-23,972,972,88.57399347116431,88.5,5.4526748971193415,97.37837837837837,98.0,8.641975308641975,37.17572847682119,37.185,68.93004115226337,122.33128834355828,120.0,16.152263374485596,79.5736877076412,78.0,7.098765432098765,60.97244408945687,59.75,35.59670781893004,20.395143487858718,20.0,6.790123456790123,,,100.0,-0.8113207547169812,0.0,89.09465020576131,23.7012987012987,24.0,92.07818930041152,0.5244166666666666,0.5,75.30864197530865,7.384695652173913,7.4,88.16872427983539,39.31707317073171,39.0,91.56378600823045,91.62790697674419,96.0,95.57613168724279,531.1176470588235,37.0,98.25102880658436,33.03846153846154,26.5,91.9753086419753,90.0625,79.0,98.35390946502058,8.225000000000001,8.1,94.65020576131687,106.07792207792208,106.0,92.07818930041152,1.923728813559322,1.1,93.93004115226337,0.4,0.4,99.8971193415638,131.07291666666666,130.0,90.12345679012346,2.390909090909091,1.75,96.60493827160494,2.1370370370370373,2.1,91.66666666666666,3.8277777777777775,3.3,94.44444444444444,4.018041237113402,3.9,90.02057613168725,5.82,1.75,98.97119341563786,9.6,9.6,99.8971193415638,29.86063829787234,29.700000000000003,90.3292181069959,10.16357142857143,10.1,92.79835390946502,45.90487804878049,35.3,95.78189300411523,13.313793103448276,11.25,94.03292181069959,264.6,151.0,99.48559670781893,208.70454545454547,169.0,95.47325102880659
Dataset A,-22,984,984,88.51125401929261,88.0,5.182926829268292,97.45409836065573,98.0,7.01219512195122,37.06918918918919,37.1,62.398373983739845,123.43070818070818,121.5,16.76829268292683,79.51931147540985,79.0,7.01219512195122,61.59384858044164,60.0,35.56910569105691,20.453362255965292,20.0,6.300813008130081,,,100.0,0.19421487603305784,0.0,87.70325203252033,23.871794871794872,23.5,92.07317073170732,0.50828125,0.5,73.98373983739837,7.39563492063492,7.4,87.1951219512195,41.810679611650485,40.0,89.53252032520325,90.48936170212765,96.0,95.22357723577237,470.3529411764706,58.0,98.27235772357723,35.06410256410256,26.0,92.07317073170732,104.88235294117646,92.0,98.27235772357723,8.149999999999999,8.1,94.71544715447155,105.33333333333333,106.0,91.76829268292683,1.9639344262295082,1.2,93.80081300813008,0.4,0.4,99.89837398373984,138.355,126.5,89.83739837398373,1.9806122448979595,1.7,95.02032520325203,2.0595238095238093,2.0,91.46341463414635,3.8875,3.4,94.3089430894309,4.041584158415842,4.0,89.73577235772358,1.3461538461538463,0.8,98.6788617886179,,,100.0,30.204500000000003,29.85,89.83739837398373,10.403246753246753,10.1,92.17479674796748,42.93,32.2,94.91869918699187,13.091044776119402,12.7,93.1910569105691,241.5,242.5,99.59349593495935,212.65384615384616,208.0,94.71544715447155
Dataset A,-21,1004,1004,88.42706131078224,89.0,5.776892430278884,97.383658008658,98.0,7.968127490039841,37.16981132075472,37.22,68.32669322709162,123.41856287425149,120.5,16.83266932270916,80.09771213748658,79.0,7.270916334661355,61.70647149460709,61.0,35.3585657370518,20.316129032258065,20.0,7.370517928286853,,,100.0,-0.17647058823529413,0.0,88.14741035856574,22.779411764705884,24.0,93.22709163346613,0.5134529147982063,0.5,77.78884462151395,7.385609756097561,7.4,87.74900398406375,42.136842105263156,41.0,90.5378486055777,94.67708333333333,97.0,95.2191235059761,366.6666666666667,79.5,98.80478087649402,30.03030303030303,22.5,93.42629482071713,134.41666666666666,92.0,98.80478087649402,8.129999999999999,8.0,96.01593625498009,105.23571428571428,106.0,93.02788844621513,1.1565217391304348,0.9,95.4183266932271,7.9,7.9,99.9003984063745,131.1887755102041,126.0,90.2390438247012,2.436792452830189,1.8,94.7211155378486,2.062686567164179,2.0,93.32669322709162,3.5368421052631582,3.2,96.21513944223108,4.137096774193548,4.0,90.73705179282868,3.3625000000000003,1.4,99.20318725099602,12.1,12.1,99.9003984063745,30.408988764044945,29.3,91.13545816733067,10.491176470588236,10.2,93.22709163346613,44.24285714285715,37.7,96.51394422310757,11.698181818181817,10.0,94.52191235059762,225.5,193.0,99.60159362549801,204.52272727272728,162.0,95.61752988047809
Dataset A,-20,1022,1022,88.20125786163523,87.75,6.653620352250488,97.38311688311688,98.0,9.58904109589041,37.096267123287674,37.14,71.42857142857143,122.78228672985782,120.0,17.416829745596868,79.9724332977588,79.0,8.317025440313111,61.45290964777948,60.0,36.10567514677104,20.37473572938689,20.0,7.436399217221135,,,100.0,-0.3409090909090909,0.0,87.08414872798434,24.247191011235955,24.0,91.29158512720157,0.5299130434782608,0.5,77.49510763209393,7.387681159420291,7.39,86.49706457925636,40.655660377358494,40.0,89.62818003913894,92.22826086956522,96.0,95.49902152641879,176.32,40.0,97.55381604696673,28.818181818181817,23.0,91.3894324853229,166.8,101.0,97.55381604696673,8.4734375,8.45,93.73776908023484,104.75824175824175,105.0,91.0958904109589,1.6945945945945946,1.1,92.75929549902152,,,100.0,132.77692307692308,125.0,87.279843444227,2.7191489361702126,1.9,95.40117416829746,2.0123595505617975,2.0,91.29158512720157,3.613432835820896,3.4,93.44422700587084,4.104621848739495,4.0,88.35616438356165,3.655,1.05,98.04305283757338,34.3,34.3,99.90215264187867,29.700434782608696,29.0,88.74755381604696,10.178313253012048,10.0,91.87866927592955,42.058928571428574,35.0,94.52054794520548,11.11891891891892,9.4,92.75929549902152,348.44444444444446,275.0,99.11937377690802,203.44444444444446,181.0,93.83561643835617
Dataset A,-19,1045,1045,87.83144912641316,87.0,6.889952153110047,97.38771186440678,98.0,9.665071770334928,37.13589905362777,37.22,69.66507177033493,122.1168414918415,120.5,17.894736842105264,79.72397476340694,79.0,8.995215311004785,60.877061469265364,60.0,36.17224880382775,20.266423357664234,20.0,8.229665071770336,,,100.0,-0.3782608695652174,0.0,88.99521531100478,23.510416666666668,23.0,90.8133971291866,0.5233039647577092,0.5,78.2775119617225,7.3787199999999995,7.39,88.03827751196172,41.994565217391305,40.0,91.19617224880383,90.64634146341463,97.0,96.07655502392345,472.7916666666667,41.5,97.70334928229664,27.540816326530614,23.0,90.622009569378,128.95833333333334,88.0,97.70334928229664,8.11969696969697,8.1,93.6842105263158,105.78061224489795,106.0,90.622009569378,1.595945945945946,1.05,92.91866028708135,2.8,2.8,99.90430622009569,138.87610619469027,130.0,89.18660287081339,2.215217391304348,1.5,95.59808612440192,2.0553921568627453,2.05,90.23923444976076,3.274242424242424,3.1,93.6842105263158,4.0910569105691055,4.0,88.22966507177034,4.013333333333334,0.6,98.56459330143541,19.7,19.7,99.90430622009569,30.16952380952381,29.5,89.95215311004785,10.164044943820224,9.9,91.48325358851675,43.98125000000001,35.1,95.40669856459331,12.397560975609755,10.6,92.15311004784688,434.125,213.5,99.23444976076556,198.671875,195.0,93.8755980861244
Dataset A,-18,1064,1064,87.7976071784646,87.0,5.733082706766917,97.45169578622816,98.0,8.552631578947368,37.11237851662404,37.17,63.25187969924813,121.8196166854566,120.0,16.63533834586466,79.1537142857143,77.67,7.894736842105263,61.14927536231884,60.0,35.150375939849624,20.269016227180526,20.0,7.330827067669173,,,100.0,-0.21621621621621623,0.0,86.09022556390977,23.653465346534652,24.0,90.50751879699249,0.5134408602150538,0.5,73.7781954887218,7.387142857142858,7.39,85.52631578947368,40.295833333333334,39.0,88.7218045112782,90.29787234042553,97.0,95.5827067669173,446.0,53.5,97.74436090225564,26.474747474747474,21.0,90.69548872180451,130.1304347826087,89.0,97.83834586466166,8.164705882352942,8.1,93.60902255639097,105.52427184466019,106.0,90.31954887218046,1.511111111111111,0.8500000000000001,93.23308270676691,3.0999999999999996,3.6999999999999997,99.62406015037594,136.9126984126984,126.0,88.1578947368421,2.3525,1.6,94.3609022556391,2.0076923076923077,2.0,90.22556390977444,3.5820895522388057,3.3,93.703007518797,4.00077519379845,4.0,87.87593984962406,3.15,0.8500000000000001,98.49624060150376,7.3,7.3,99.90601503759399,30.411481481481477,29.8,87.31203007518798,10.405045871559635,10.1,89.75563909774436,45.09423076923077,35.1,95.11278195488721,14.560204081632653,11.55,90.78947368421053,299.5,255.0,99.24812030075188,208.1081081081081,171.5,93.04511278195488
Dataset A,-17,1085,1085,87.82707509881423,88.0,6.728110599078341,97.36836734693877,98.0,9.67741935483871,37.1181981981982,37.11,69.30875576036867,121.84288097886541,120.5,17.142857142857142,79.07027300303336,77.0,8.847926267281107,61.034320809248555,60.0,36.22119815668203,20.31973816717019,20.0,8.479262672811059,,,100.0,0.037162162162162164,0.0,86.35944700460828,24.5,25.0,89.86175115207374,0.516910569105691,0.5,77.32718894009216,7.399166666666667,7.41,85.62211981566821,40.24122807017544,39.0,89.49308755760369,95.70212765957447,97.0,95.66820276497697,360.5,64.0,97.78801843317973,30.234234234234233,23.0,89.76958525345621,145.84615384615384,89.0,97.6036866359447,8.326744186046511,8.3,92.07373271889401,105.625,107.0,89.6774193548387,1.4189473684210527,1.0,91.24423963133641,6.5,6.5,99.90783410138249,127.88492063492063,126.0,88.38709677419355,2.327397260273972,1.7,93.27188940092167,2.0981481481481485,2.1,90.04608294930875,3.6170454545454547,3.3,91.88940092165898,4.06694214876033,4.0,88.84792626728111,5.331818181818182,1.75,97.97235023041475,,,100.0,30.064598540145987,29.6,87.37327188940091,10.44375,10.1,89.6774193548387,41.72898550724638,33.4,93.6405529953917,13.564705882352941,11.2,90.59907834101382,319.1111111111111,283.0,99.17050691244239,191.63333333333333,169.5,91.70506912442397
Dataset A,-16,1102,1102,87.9657004830918,87.0,6.0798548094373865,97.43019801980198,98.0,8.348457350272232,37.13448051948052,37.17,72.0508166969147,121.91294885745376,119.0,16.60617059891107,78.69323558162267,77.5,7.168784029038113,60.58787661406026,60.0,36.7513611615245,20.24705882352941,19.5,7.441016333938294,,,100.0,0.32978723404255317,0.0,87.20508166969148,24.72463768115942,24.0,87.47731397459165,0.527265306122449,0.5,77.76769509981851,7.400718954248366,7.41,86.11615245009074,40.29545454545455,40.0,90.01814882032669,90.89622641509433,96.0,95.19056261343013,142.83870967741936,47.0,97.1869328493648,27.600719424460433,21.0,87.38656987295825,101.64516129032258,83.0,97.1869328493648,8.195652173913043,8.2,91.65154264972777,105.54676258992805,106.0,87.38656987295825,1.5441176470588236,0.95,90.74410163339383,3.8,3.8,99.8185117967332,128.61724137931034,124.0,86.8421052631579,2.2838983050847457,1.4,94.64609800362976,2.0414814814814815,2.0,87.74954627949182,3.6242105263157898,3.5,91.37931034482759,4.05566037735849,4.0,85.57168784029038,4.525,1.35,98.18511796733212,,,100.0,29.070714285714285,28.85,87.29582577132487,9.950000000000001,9.7,88.92921960072596,41.981967213114764,31.7,94.46460980036298,11.625217391304346,10.5,89.5644283121597,255.75,243.5,99.27404718693285,196.74725274725276,199.0,91.74228675136116
Dataset A,-15,1130,1130,87.91895734597156,87.0,6.637168141592921,97.423828125,98.0,9.380530973451327,37.16031609195402,37.17,69.20353982300885,122.72529538131042,121.0,17.61061946902655,79.23722972972972,78.0,8.31858407079646,60.829658605974394,59.0,37.78761061946903,20.36431316042267,20.0,7.876106194690266,,,100.0,0.6634615384615384,0.0,86.19469026548673,24.20863309352518,24.0,87.69911504424779,0.5149212598425197,0.49,77.5221238938053,7.395928143712574,7.4,85.2212389380531,42.16532258064516,41.0,89.02654867256638,93.97619047619048,97.0,94.42477876106194,113.05882352941177,66.5,96.99115044247787,31.161971830985916,22.0,87.43362831858407,94.7741935483871,81.0,97.2566371681416,8.194736842105263,8.2,91.5929203539823,105.83916083916084,106.0,87.34513274336283,1.6603773584905661,1.05,90.61946902654867,1.45,0.9,99.64601769911503,135.6523178807947,129.0,86.63716814159292,2.20625,1.5,95.04424778761062,2.077142857142857,2.0,87.61061946902655,3.6265306122448977,3.2,91.32743362831859,4.092073170731707,4.05,85.48672566371681,3.993103448275862,1.1,97.43362831858407,,,100.0,30.07019867549669,29.2,86.63716814159292,10.243609022556392,10.1,88.23008849557522,37.860240963855425,31.9,92.65486725663716,12.238582677165356,10.6,88.76106194690266,248.22222222222223,217.0,99.20353982300884,212.82828282828282,191.0,91.23893805309734
Dataset A,-14,1143,1143,87.68709377901578,86.0,5.774278215223097,97.40124045801527,98.0,8.31146106736658,37.12352078239609,37.11,64.2169728783902,121.92661034846886,119.0,17.14785651793526,78.95356463878326,78.0,7.961504811898513,60.6225352112676,59.0,37.882764654418196,20.351746931067044,20.0,7.349081364829396,,,100.0,-0.15579710144927536,0.0,87.92650918635171,24.1900826446281,24.0,89.41382327209098,0.5086296296296295,0.5,76.37795275590551,7.393851351351353,7.4,87.05161854768154,39.706422018348626,39.0,90.4636920384952,92.49038461538461,97.0,95.45056867891513,413.04,53.0,97.81277340332458,28.75,22.0,89.501312335958,92.20833333333333,78.5,97.9002624671916,8.253409090909091,8.3,92.30096237970254,105.3170731707317,105.0,89.23884514435696,1.4421052631578948,0.9,91.68853893263342,0.6666666666666666,0.4,99.73753280839895,132.19444444444446,126.0,88.18897637795276,2.3984126984126983,1.7,94.48818897637796,2.036134453781513,2.0,89.58880139982503,3.660227272727273,3.55,92.30096237970254,4.051020408163265,4.0,87.13910761154857,1.8,0.6,98.33770778652668,,,100.0,30.12162162162162,29.3,87.05161854768154,10.24793388429752,10.1,89.41382327209098,40.50158730158731,34.3,94.48818897637796,15.272477064220183,11.5,90.4636920384952,301.55555555555554,247.0,99.21259842519686,231.1888888888889,188.5,92.1259842519685
Dataset A,-13,1170,1170,88.103591160221,87.0,7.179487179487179,97.38968481375358,98.0,10.512820512820513,37.149337016574584,37.11,69.05982905982906,122.38740856844305,120.0,18.205128205128204,79.22809523809524,78.0,8.461538461538462,60.75700280112045,60.0,38.97435897435898,20.389794967381174,20.0,8.29059829059829,,,100.0,-0.36688311688311687,0.0,86.83760683760684,23.79646017699115,23.0,90.34188034188034,0.5169029850746268,0.5,77.0940170940171,7.389939024390243,7.4,85.98290598290599,40.94094488188976,40.0,89.14529914529915,94.04807692307692,97.0,95.55555555555556,428.4848484848485,63.0,97.17948717948718,31.513274336283185,23.0,90.34188034188034,135.53125,88.5,97.26495726495726,8.297333333333333,8.3,93.58974358974359,105.76724137931035,106.0,90.08547008547009,1.5650000000000002,0.95,93.16239316239316,1.2,1.2,99.82905982905983,138.96969696969697,124.5,88.71794871794872,2.1616438356164385,1.7,93.76068376068376,2.069827586206897,2.0,90.08547008547009,3.6394736842105266,3.2,93.5042735042735,4.078321678321679,4.0,87.77777777777777,3.376923076923077,0.75,97.77777777777777,2.65,2.65,99.82905982905983,30.547692307692312,29.3,88.88888888888889,10.392924528301888,10.1,90.94017094017094,45.72878787878788,33.35,94.35897435897435,12.110526315789473,11.3,91.88034188034187,424.2,350.0,99.57264957264957,215.71428571428572,197.0,93.41880341880342
Dataset A,-12,1196,1196,88.33963963963964,87.0,7.190635451505016,97.39164370982553,98.0,8.946488294314381,37.15724590163934,37.22,74.49832775919732,121.53695208970439,120.0,17.976588628762542,79.08464646464645,78.0,8.946488294314381,60.800824175824175,60.0,39.130434782608695,20.577468007312614,20.0,8.528428093645484,,,100.0,-0.05813953488372093,0.0,89.21404682274247,24.66346153846154,24.0,91.30434782608695,0.5130041152263375,0.5,79.68227424749163,7.38875912408759,7.4,88.54515050167224,41.20754716981132,40.0,91.1371237458194,92.63392857142857,97.0,95.31772575250837,296.95238095238096,84.0,98.24414715719062,31.285714285714285,24.0,91.22073578595318,117.9047619047619,84.0,98.24414715719062,8.368,8.2,93.72909698996655,105.54205607476635,106.0,91.05351170568562,1.5146341463414634,1.0,93.1438127090301,4.5,4.5,99.91638795986621,134.6344537815126,129.0,90.05016722408027,2.431451612903226,1.7,94.81605351170569,2.0935185185185183,2.0,90.96989966555184,3.244,3.1,93.72909698996655,3.9651162790697674,3.9,89.21404682274247,3.664285714285714,1.2,98.82943143812709,,,100.0,30.49954954954955,30.3,90.7190635451505,10.306382978723404,10.3,92.14046822742475,50.04833333333333,37.650000000000006,94.98327759197325,12.540000000000001,11.2,92.89297658862876,287.75,233.0,99.33110367892976,184.1216216216216,163.5,93.81270903010034
Dataset A,-11,1227,1227,88.73397717295873,88.0,7.171964140179298,97.33542600896861,98.0,9.1279543602282,37.17649746192894,37.22,67.88916055419722,121.57995044598613,119.0,17.766911165444174,78.89838222222221,77.67,8.312958435207824,61.172587131367294,60.0,39.20130399348003,20.440824468085108,20.0,8.06845965770171,,,100.0,-0.43388429752066116,0.0,90.13854930725347,24.53846153846154,24.5,91.52404237978811,0.5333699633699635,0.5,77.75061124694376,7.385590551181102,7.39,89.64955175224124,40.63636363636363,40.0,91.93154034229829,90.22368421052632,96.5,96.90301548492258,242.5,48.0,98.20700896495518,28.235849056603772,22.0,91.36104319478403,153.86363636363637,77.5,98.20700896495518,8.329166666666666,8.350000000000001,94.13202933985329,105.65714285714286,106.0,91.44254278728606,1.913095238095238,1.0,93.15403422982885,2.45,2.45,99.83700081499592,132.0772357723577,120.0,89.97555012224939,2.3689655172413793,1.7,95.27302363488182,2.0510204081632653,2.0,92.01303993480032,3.782432432432432,3.5,93.96903015484924,4.075409836065574,4.0,90.05704971475143,1.4000000000000001,0.55,98.85900570497147,,,100.0,30.231451612903225,30.35,89.89405052974735,10.355238095238095,10.5,91.44254278728606,47.61692307692308,34.8,94.70252648736756,12.181521739130433,11.1,92.50203748981255,319.8,198.5,99.18500407497962,195.13815789473685,191.0,93.80603096984515
Dataset A,-10,1249,1249,88.61898625429554,88.0,6.805444355484387,97.36072056239016,98.0,8.8871096877502,37.11270396270396,37.11,65.65252201761409,121.93157380254155,120.0,18.094475580464373,79.38439301310044,77.0,8.326661329063251,61.27825229960578,60.0,39.07125700560448,20.46555459272097,20.0,7.606084867894316,,,100.0,0.07051282051282051,0.0,87.51000800640513,24.123893805309734,24.0,90.95276220976781,0.5137096774193548,0.5,75.18014411529224,7.3946107784431145,7.41,86.6293034427542,40.62408759124087,40.0,89.03122497998399,92.15,97.0,95.99679743795036,329.36,72.0,97.99839871897518,30.23008849557522,21.0,90.95276220976781,174.48,110.0,97.99839871897518,8.127500000000001,8.1,93.59487590072058,106.45689655172414,106.0,90.71257005604484,1.6363636363636365,1.1,92.07365892714171,3.4749999999999996,3.55,99.67974379503602,138.50347222222223,130.0,88.47077662129705,1.9294117647058822,1.6,94.55564451561249,2.01271186440678,2.0,90.55244195356285,3.8712643678160923,3.2,93.03442754203363,4.141958041958041,4.0,88.55084067253803,3.4318181818181817,1.0,98.23859087269817,,,100.0,29.97279411764706,29.6,89.11128903122498,10.237142857142858,10.0,91.59327461969575,43.56617647058823,34.1,94.55564451561249,12.918000000000001,11.0,91.99359487590073,258.7692307692308,182.0,98.9591673338671,208.1046511627907,192.0,93.11449159327462
Dataset A,-9,1274,1274,88.30126050420168,87.75,6.593406593406594,97.35922746781115,98.0,8.555729984301413,37.10077519379845,37.06,69.6232339089482,122.05224236641222,120.0,17.739403453689167,79.47190638297872,78.0,7.770800627943484,61.75877763328999,60.0,39.638932496075356,20.52102803738318,20.0,7.6138147566719,,,100.0,-0.14450867052023122,0.0,86.42072213500785,24.150943396226417,24.0,91.67974882260597,0.514,0.5,76.84458398744113,7.392303370786516,7.39,86.02825745682888,40.79457364341085,40.0,89.87441130298272,92.50961538461539,96.0,95.91836734693877,586.2333333333333,61.0,97.64521193092621,29.31192660550459,24.0,91.44427001569859,107.06896551724138,72.0,97.72370486656202,8.23943661971831,8.2,94.42700156985872,106.9090909090909,106.5,91.3657770800628,1.651190476190476,1.1,93.4065934065934,,,100.0,136.16058394160584,129.0,89.24646781789639,1.9499999999999997,1.5,94.34850863422291,2.0785046728971963,2.1,91.60125588697016,3.629166666666666,3.2,94.34850863422291,4.078014184397163,4.0,88.93249607535321,2.603846153846154,0.9,97.95918367346938,,,100.0,30.535245901639346,29.75,90.42386185243329,10.433490566037735,10.3,91.67974882260597,45.658,36.95,96.07535321821035,12.466666666666667,11.1,92.93563579277865,212.54545454545453,179.0,99.13657770800629,214.81333333333333,201.0,94.11302982731554
Dataset A,-8,1312,1312,88.56203164029975,87.0,8.460365853658537,97.41410256410256,98.0,10.823170731707316,37.09222222222222,37.17,73.2469512195122,121.32615894039735,119.0,19.4359756097561,79.05894247038917,77.33,9.908536585365853,61.083333333333336,60.0,39.63414634146341,20.526160337552742,20.0,9.679878048780488,,,100.0,0.07371794871794872,0.0,88.10975609756098,24.81111111111111,25.0,93.14024390243902,0.5252014652014652,0.5,79.1920731707317,7.385748502994012,7.39,87.27134146341463,42.48760330578512,41.0,90.77743902439023,91.27692307692308,95.0,95.04573170731707,295.25,53.0,98.47560975609755,29.641304347826086,20.0,92.98780487804879,135.25,82.5,98.47560975609755,8.267924528301887,8.3,95.96036585365853,105.65168539325843,106.0,93.21646341463415,1.8,0.9,95.04573170731707,0.39999999999999997,0.39999999999999997,99.84756097560977,137.60683760683762,132.0,91.08231707317073,2.177272727272727,1.7,95.8079268292683,2.0319767441860463,2.0,93.4451219512195,3.5206896551724136,3.1500000000000004,95.57926829268293,4.06875,3.9,90.85365853658537,1.1076923076923075,0.6,99.00914634146342,1.4,1.4,99.84756097560977,29.942975206611575,29.2,90.77743902439023,10.245652173913042,10.05,92.98780487804879,41.15367647058823,33.55,94.8170731707317,11.437349397590362,10.1,93.67378048780488,329.21875,250.5,98.78048780487805,202.92307692307693,176.0,95.04573170731707
Dataset A,-7,1354,1354,88.67590361445784,88.0,8.050221565731167,97.27883031301482,98.0,10.3397341211226,37.14076738609113,37.2,69.20236336779911,121.43493518518517,119.0,20.236336779911372,78.85465192465192,77.0,9.82274741506647,61.0840597758406,60.0,40.69423929098966,20.591666666666665,20.0,9.15805022156573,,,100.0,0.023809523809523808,0.0,87.59231905465288,24.495049504950494,25.0,92.54062038404727,0.5257679180887372,0.5,78.36041358936484,7.3918750000000015,7.41,87.00147710487445,41.42446043165467,40.0,89.7341211225997,91.11428571428571,96.0,94.8301329394387,262.11764705882354,52.0,97.48892171344166,28.317757009345794,19.0,92.09748892171345,106.3030303030303,71.0,97.56277695716395,8.214285714285714,8.05,94.8301329394387,104.92380952380952,105.0,92.24519940915805,1.4894117647058824,0.9,93.72230428360415,0.5,0.5,99.9261447562777,133.30272108843536,125.0,89.14327917282127,2.335384615384615,1.7,95.19940915805022,2.0231481481481484,2.0,92.02363367799113,3.548611111111111,3.2,94.6824224519941,4.023648648648648,4.0,89.06942392909897,2.0846153846153848,0.6,98.07976366322009,0.8,0.8,99.9261447562777,30.341698113207546,30.2,88.25701624815362,10.378205128205128,10.2,91.3589364844904,44.38544303797468,35.0,94.16543574593797,11.885714285714288,10.850000000000001,92.76218611521418,377.2,308.5,98.52289512555392,196.70481927710844,180.0,93.87001477104874
Dataset A,-6,1384,1384,89.01880877742947,88.0,7.803468208092486,97.24337349397591,98.0,10.04335260115607,37.0657264957265,37.1,66.1849710982659,120.78436657681941,119.0,19.58092485549133,78.862990430622,77.0,9.393063583815028,60.40226715686274,59.0,41.040462427745666,20.714342001576043,20.0,8.309248554913294,,,100.0,-0.3439153439153439,0.0,86.34393063583815,23.10569105691057,23.0,91.11271676300578,0.5168827160493827,0.5,76.58959537572254,7.385257731958763,7.39,85.98265895953757,41.228125,40.0,88.4393063583815,90.99333333333334,97.0,94.58092485549133,180.10344827586206,49.0,97.90462427745665,27.165289256198346,19.0,91.25722543352602,116.41379310344827,95.0,97.90462427745665,8.075294117647058,7.9,93.85838150289018,106.56451612903226,107.0,91.04046242774567,1.3611111111111112,0.8,93.4971098265896,1.6,1.6,99.92774566473989,136.4591836734694,125.0,89.378612716763,2.364375,1.7,94.21965317919076,2.071186440677966,2.0,91.47398843930635,3.4670588235294115,3.2,93.85838150289018,4.107371794871795,4.025,88.72832369942196,1.81,0.9,98.55491329479769,12.2,12.2,99.92774566473989,30.162352941176472,29.95,87.71676300578035,10.336666666666666,10.3,90.24566473988439,40.668309859154924,34.6,94.86994219653178,13.937391304347825,11.3,91.6907514450867,440.2352941176471,405.0,98.77167630057804,190.71354166666666,175.0,93.0635838150289
Dataset A,-5,1426,1426,88.73176291793312,88.0,7.713884992987377,97.30790297339593,98.0,10.37868162692847,37.07868995633188,37.11,67.88218793828892,121.21138743455498,119.0,19.635343618513325,78.74472501936484,77.0,9.46704067321178,61.0277446300716,59.0,41.23422159887798,20.512106072252113,20.0,8.76577840112202,,,100.0,-0.6647398843930635,0.0,87.86816269284714,23.96062992125984,24.0,91.09396914446003,0.5342574257425743,0.5,78.75175315568022,7.383812154696133,7.4,87.30715287517532,40.21111111111111,39.5,90.53295932678822,91.24545454545455,97.0,96.14305750350631,670.44,59.0,98.24684431977559,27.869918699186993,21.0,91.37447405329593,119.88,85.0,98.24684431977559,8.341860465116278,8.25,93.96914446002805,105.64566929133858,106.0,91.09396914446003,1.6030303030303028,1.0,93.05750350631136,,,100.0,135.45679012345678,126.0,88.63955119214586,2.3335,1.85,94.3899018232819,2.0711999999999997,2.0,91.23422159887798,3.6688888888888886,3.4,93.68863955119214,4.1342767295597485,4.0,88.8499298737728,3.582608695652174,0.7,98.38709677419355,,,100.0,30.21803797468355,29.924999999999997,88.92005610098177,10.198507462686566,10.1,90.6030855539972,41.26493506493506,33.7,94.60028050490884,11.766379310344828,10.350000000000001,91.86535764375876,419.75,339.5,98.59747545582047,217.58163265306123,214.5,93.12762973352034
Dataset A,-4,1463,1463,88.57865583456426,88.0,7.450444292549556,97.2864782276547,98.0,10.526315789473683,37.0973474801061,37.11,74.23103212576898,122.14978902953587,120.0,19.00205058099795,79.02039730134933,77.0,8.817498291182503,61.08586448598131,60.0,41.49008885850991,20.51197604790419,20.0,8.680792891319207,,,100.0,0.024861878453038673,0.0,87.62816131237184,24.732142857142858,26.0,92.34449760765551,0.521160409556314,0.5,79.97265892002734,7.38455497382199,7.39,86.94463431305537,42.625,41.0,89.8838004101162,93.5079365079365,97.0,95.69377990430623,335.8,51.0,98.29118250170882,26.135135135135137,21.0,92.41285030758715,121.41666666666667,90.0,98.35953520164047,8.213333333333333,8.3,94.87354750512645,106.26548672566372,106.0,92.27614490772386,1.5423529411764705,1.0,94.19002050580998,2.4333333333333336,0.9,99.79494190020506,137.88732394366198,133.0,90.29391660970609,2.745774647887324,1.8,95.14695830485304,2.048660714285714,2.0,92.34449760765551,3.722972972972973,3.6,94.9419002050581,4.036241610738256,4.0,89.81544771018454,2.238095238095238,0.9,98.56459330143541,,,100.0,29.81935483870968,29.3,89.40533151059466,10.327118644067795,10.149999999999999,91.93438140806562,46.208333333333336,37.35,95.48872180451127,12.516380952380953,10.9,92.82296650717703,306.42857142857144,230.5,99.04306220095694,185.50595238095238,165.0,94.25837320574163
Dataset A,-3,1494,1494,88.4985549132948,88.0,7.362784471218206,97.3556129985229,98.0,9.370816599732262,37.15064301552107,37.17,69.81258366800536,122.2230008244023,120.0,18.808567603748326,79.25851251840942,78.0,9.103078982597054,61.43878718535469,60.0,41.49933065595716,20.512445095168374,20.0,8.56760374832664,,,100.0,-0.3455056179775281,0.0,88.08567603748327,24.169117647058822,24.0,90.89692101740295,0.514245283018868,0.5,78.714859437751,7.381075268817205,7.39,87.55020080321285,41.47872340425532,40.0,90.56224899598394,92.85245901639344,97.0,95.9170013386881,338.5869565217391,62.0,96.92101740294511,29.0,22.0,90.69611780455153,87.28888888888889,73.0,96.98795180722891,8.21860465116279,8.2,94.24364123159303,105.83928571428571,105.0,90.62918340026773,1.5721153846153846,0.9,93.0388219544846,3.7599999999999993,3.8,99.66532797858099,133.13924050632912,125.5,89.42436412315931,2.264864864864865,1.9,95.04685408299866,2.0721830985915495,2.025,90.49531459170014,3.6090909090909093,3.1500000000000004,94.10977242302543,4.074581005586592,4.0,88.01874163319945,2.175757575757576,0.9,97.79116465863453,0.8,0.8,99.9330655957162,30.242941176470584,29.65,88.62115127175369,10.393840579710144,10.350000000000001,90.76305220883533,43.846022727272725,35.1,94.10977242302543,13.471900826446282,12.0,91.90093708165998,235.1,209.0,98.99598393574297,212.7445652173913,183.5,93.84203480589022
Dataset A,-2,1540,1540,88.65881939564301,88.0,7.597402597402597,97.26767676767676,98.0,10.0,37.12063985374771,37.11,64.48051948051948,121.27715205148833,119.0,19.28571428571429,78.986497498213,78.0,9.155844155844155,61.16722408026756,60.0,41.753246753246756,20.696846208362864,20.0,8.376623376623376,,,100.0,-0.24186046511627907,0.0,86.03896103896103,23.953020134228186,24.0,90.32467532467533,0.5226041666666666,0.5,75.06493506493507,7.381659192825111,7.39,85.51948051948052,41.5819209039548,41.0,88.50649350649351,90.57954545454545,96.0,94.28571428571428,388.90697674418607,65.0,97.20779220779221,29.226666666666667,22.5,90.25974025974025,108.97674418604652,75.0,97.20779220779221,8.27872340425532,8.2,93.8961038961039,105.56129032258065,106.0,89.93506493506493,1.6636363636363636,1.1,92.85714285714286,5.166666666666667,3.8,99.8051948051948,144.46486486486486,131.0,87.98701298701299,2.4548453608247423,1.7,93.7012987012987,2.0524137931034483,2.0,90.5844155844156,3.8285714285714283,3.5,94.0909090909091,4.105050505050505,4.0,87.14285714285714,4.256666666666667,1.0,98.05194805194806,3.1500000000000004,3.1500000000000004,99.87012987012987,29.83148148148148,29.3,87.72727272727273,10.231690140845071,9.95,90.77922077922078,38.321505376344085,33.6,93.96103896103895,14.276771653543308,11.9,91.75324675324676,214.15625,204.0,98.96103896103897,226.13,201.0,93.5064935064935
Dataset A,-1,1587,1587,89.19361413043478,88.25,7.246376811594203,97.34129213483146,98.0,10.27095148078135,37.15497907949791,37.185,69.88027725267801,121.50911559348332,119.0,18.777567737870196,79.02647994467496,78.0,8.88468809073724,61.39119870410367,60.0,41.650913673597984,20.676744989633725,20.0,8.82167611846251,,,100.0,0.0971563981042654,0.0,86.7044738500315,24.263698630136986,24.5,90.8002520478891,0.5268804664723032,0.5,78.38689350976685,7.388636363636364,7.4,86.13736609955892,42.02095808383233,40.0,89.47700063011972,90.66025641025641,97.0,95.08506616257088,624.9772727272727,54.5,97.22747321991179,32.553691275167786,25.0,90.6112161310649,100.51162790697674,71.0,97.29048519218651,8.166981132075472,8.1,93.32073093887838,105.89935064935065,106.0,90.29615626969124,1.7383333333333333,1.1,92.43856332703214,10.475000000000001,2.1,99.74795211090107,141.5,125.0,87.96471329552615,2.327032967032967,1.7,94.26591052299938,2.032258064516129,2.0,90.23314429741652,3.7935185185185185,3.4,93.19470699432893,4.076153846153845,4.0,87.71266540642722,4.024242424242424,0.7,97.92060491493385,,,100.0,30.27277486910995,29.8,87.96471329552615,10.385394736842105,10.2,90.42218021424071,47.415068493150685,35.4,95.40012602394455,13.234496124031008,11.3,91.87145557655954,215.16666666666666,185.5,99.24385633270322,198.37962962962962,161.5,93.19470699432893
Dataset B,-24,614,614,87.56073943661971,86.0,7.491856677524431,97.03475935828877,98.0,8.631921824104234,37.07154471544715,37.125,59.934853420195445,126.34574468085107,123.0,8.143322475570033,84.09557522123893,82.0,7.980456026058631,63.266843971631204,62.0,8.143322475570033,18.926829268292682,18.0,19.86970684039088,33.30061349693251,33.0,73.45276872964169,,,100.0,,,100.0,0.5743333333333333,0.5,95.11400651465797,7.39962962962963,7.41,95.60260586319218,36.955555555555556,38.0,95.60260586319218,95.87727272727271,97.85,96.41693811074919,67.4,50.0,96.74267100977198,26.38,21.5,91.85667752442997,87.9,80.5,96.74267100977198,6.262676056338028,8.0,88.43648208469055,107.5,108.0,98.37133550488599,1.6112,1.06,91.85667752442997,4.645,3.8549999999999995,99.3485342019544,140.69767441860466,127.5,71.9869706840391,3.5241666666666673,2.7199999999999998,96.09120521172639,2.1,2.1,92.34527687296416,3.2593749999999995,3.2,94.78827361563518,4.1388,4.1,87.78501628664495,3.3549999999999995,0.95,96.74267100977198,6.530999999999999,0.335,98.37133550488599,28.839215686274514,27.7,91.69381107491856,9.531372549019608,8.7,91.69381107491856,41.9,36.25,98.0456026058632,12.328,11.3,91.85667752442997,213.4,202.0,99.185667752443,167.12,158.5,91.85667752442997
Dataset B,-23,626,626,87.37391304347825,86.0,8.146964856230031,97.06560283687944,98.0,9.904153354632587,37.08996415770609,37.1,55.43130990415336,126.70065026362039,123.0,9.105431309904153,84.36707746478874,82.0,9.26517571884984,63.54305799648506,62.0,9.105431309904153,19.04989816700611,18.0,21.56549520766773,32.937106918238996,33.0,74.60063897763578,1.9,1.9,99.84025559105432,,,100.0,0.5920588235294117,0.5,94.56869009584665,7.3996774193548385,7.4,95.0479233226837,39.829032258064515,36.0,95.0479233226837,95.264,97.0,96.00638977635782,74.4,33.0,97.60383386581469,34.5,29.0,91.3738019169329,92.73333333333333,85.0,97.60383386581469,6.1298648648648655,7.8,88.17891373801918,107.25,107.0,98.7220447284345,1.9814814814814814,1.33,91.3738019169329,4.266666666666667,1.5,99.52076677316293,137.56735751295338,127.0,69.16932907348243,2.93,1.7850000000000001,95.84664536741214,2.177551020408163,2.2,92.17252396166134,3.511111111111111,3.3,94.24920127795528,4.034512195121952,3.95,86.90095846645367,2.433333333333333,1.0,97.60383386581469,0.7925,0.45999999999999996,98.08306709265176,30.503921568627447,29.4,91.85303514376997,9.924,9.55,92.01277955271566,40.225,34.45,98.7220447284345,12.62,11.4,92.01277955271566,317.0,266.0,99.52076677316293,169.66,150.0,92.01277955271566
Dataset B,-22,634,634,87.41638795986623,86.0,5.678233438485805,97.25593220338983,98.0,6.940063091482649,37.016049382716055,37.1,61.67192429022082,126.4830220713073,124.0,7.097791798107256,84.60548885077186,83.0,8.04416403785489,64.0484693877551,62.5,7.255520504731862,19.30019493177388,19.0,19.085173501577287,32.767080745341616,33.0,74.60567823343848,1.3,1.3,99.84227129337539,,,100.0,0.5171874999999999,0.5,94.95268138801262,7.392799999999999,7.4,96.05678233438486,40.96,42.0,96.05678233438486,96.61578947368422,97.4,97.0031545741325,69.0625,34.0,97.47634069400631,30.027027027027028,23.0,94.1640378548896,93.125,89.0,97.47634069400631,6.019814814814815,7.85,91.48264984227129,104.66666666666667,106.0,98.58044164037855,1.6735135135135135,1.18,94.1640378548896,1.1,1.1,99.6845425867508,144.7235294117647,135.5,73.18611987381703,3.2195652173913047,2.12,96.37223974763407,2.218571428571429,2.1,94.4794952681388,3.7560000000000002,3.2,96.05678233438486,4.148666666666667,4.1,90.53627760252367,2.0749999999999997,1.45,97.47634069400631,34.56875,2.625,98.73817034700315,28.888095238095236,28.299999999999997,93.37539432176656,9.407142857142857,9.149999999999999,93.37539432176656,60.325,47.45,98.73817034700315,12.381578947368421,11.649999999999999,94.00630914826499,234.5,236.0,99.36908517350159,198.05405405405406,131.0,94.1640378548896
Dataset B,-21,636,636,87.77545909849749,87.0,5.817610062893082,96.90577249575551,98.0,7.3899371069182385,37.02202166064982,37.0,56.44654088050315,125.54152542372881,124.0,7.232704402515723,84.48384353741497,82.0,7.547169811320755,63.639830508474574,62.0,7.232704402515723,19.249045801526716,19.0,17.61006289308176,32.97878787878788,34.0,74.05660377358491,-4.5,-4.5,99.84276729559748,,,100.0,0.5462500000000001,0.5,94.9685534591195,7.3919999999999995,7.39,95.28301886792453,36.15333333333333,35.0,95.28301886792453,96.74655172413793,97.6,95.44025157232704,167.33333333333334,82.0,98.11320754716981,32.0,23.0,94.33962264150944,116.16666666666667,89.0,98.11320754716981,5.48593220338983,7.8,90.72327044025157,105.6,99.0,99.21383647798741,1.7000000000000002,1.13,94.33962264150944,0.16666666666666666,0.2,99.52830188679245,140.18949044585986,131.0,75.31446540880503,3.569655172413793,2.65,95.44025157232704,2.241176470588235,2.1,94.65408805031447,3.454166666666667,3.5,96.22641509433963,4.041111111111111,3.95,90.09433962264151,2.0583333333333336,1.0,98.11320754716981,13.6,2.525,97.79874213836479,30.37297297297297,29.5,94.18238993710692,9.870270270270272,9.7,94.18238993710692,43.7375,32.599999999999994,98.74213836477988,11.654285714285713,10.9,94.49685534591194,317.3333333333333,214.5,99.05660377358491,168.27777777777777,175.0,94.33962264150944
Dataset B,-20,641,641,87.58432708688245,86.0,8.424336973478939,97.11578044596912,98.0,9.048361934477379,37.08824701195219,37.1,60.8424336973479,126.95376712328768,125.0,8.892355694227769,84.98711340206185,84.0,9.204368174726989,63.97945205479452,63.0,8.892355694227769,19.323529411764707,18.0,20.436817472698905,32.34049079754601,33.0,74.57098283931357,-1.55,-1.55,99.68798751950078,,,100.0,0.6228571428571428,0.5,95.63182527301092,7.367391304347826,7.39,96.41185647425897,40.6,36.5,96.56786271450858,96.16333333333334,98.4,97.65990639625585,202.3,69.0,98.4399375975039,22.153846153846153,16.0,93.91575663026521,64.4,61.0,98.4399375975039,6.529622641509434,8.1,91.73166926677067,104.625,106.0,98.75195007800312,1.392820512820513,1.01,93.91575663026521,0.2,0.2,99.84399375975039,144.17919075144508,133.0,73.01092043681747,3.142380952380953,2.24,96.72386895475819,2.092857142857143,2.1,93.44773790951638,3.2083333333333335,3.1,96.25585023400937,3.957966101694915,3.9,90.79563182527302,2.3199999999999994,0.8,98.4399375975039,37.00888888888889,8.01,98.59594383775351,30.08055555555556,29.35,94.38377535101404,9.805405405405406,9.7,94.22776911076443,72.66923076923077,44.0,97.97191887675507,11.48235294117647,11.1,94.69578783151326,283.75,251.0,99.37597503900156,163.91176470588235,142.0,94.69578783151326
Dataset B,-19,651,651,88.37603305785125,86.0,7.066052227342549,97.06818181818181,98.0,8.755760368663594,37.11329588014981,37.2,58.986175115207374,127.96440677966102,125.5,9.37019969278034,85.546768707483,84.0,9.67741935483871,64.55338983050848,63.0,9.37019969278034,19.409177820267686,19.0,19.662058371735792,32.6625,33.0,75.42242703533026,0.2,0.2,99.84639016897081,,,100.0,0.5787878787878789,0.4,94.93087557603687,7.400357142857142,7.42,95.6989247311828,37.15555555555556,38.0,95.85253456221197,96.72999999999999,98.5,96.92780337941628,110.73076923076923,37.0,98.0030721966206,25.53030303030303,24.0,94.93087557603687,90.66666666666667,93.5,98.15668202764977,5.38,7.3,91.85867895545314,105.0,106.0,98.46390168970814,1.247272727272727,1.11,94.93087557603687,0.44666666666666677,0.4,99.53917050691244,144.8475935828877,132.0,71.27496159754224,3.1039999999999996,1.83,96.15975422427036,2.2875,2.1,95.08448540706605,3.4125,3.3499999999999996,96.92780337941628,4.0568333333333335,4.1,90.78341013824884,3.4615384615384617,0.9,98.0030721966206,13.838571428571429,1.48,98.9247311827957,30.741176470588236,29.200000000000003,94.77726574500768,9.96,9.3,94.6236559139785,35.725,29.0,99.38556067588326,11.951515151515151,11.3,94.93087557603687,415.0,415.0,99.69278033794163,141.86363636363637,124.0,94.93087557603687
Dataset B,-18,659,659,88.37073170731708,86.0,6.676783004552352,96.8592715231788,98.0,8.34597875569044,37.134572490706326,37.15,59.180576631259484,127.23070607553366,125.0,7.587253414264036,85.3137417218543,84.0,8.34597875569044,64.64720394736842,63.0,7.7389984825493165,19.176923076923078,19.0,21.09256449165402,32.780701754385966,33.0,74.05159332321699,,,100.0,,,100.0,0.6023999999999999,0.5,96.20637329286798,7.367894736842106,7.38,97.11684370257967,42.91052631578947,41.0,97.11684370257967,97.34166666666665,98.3,98.17905918057663,396.54545454545456,68.0,98.33080424886191,25.34285714285714,22.0,94.68892261001517,73.9090909090909,66.0,98.33080424886191,5.939215686274509,7.7,92.26100151745068,103.85714285714286,105.0,98.93778452200304,1.4185714285714286,1.11,94.68892261001517,0.185,0.185,99.69650986342944,142.74233128834356,134.0,75.26555386949924,2.143333333333333,2.09,96.81335356600911,2.1142857142857143,2.1,94.68892261001517,3.243478260869565,3.1,96.50986342943855,4.112372881355932,4.2,91.04704097116844,1.3545454545454545,0.9,98.33080424886191,5.441000000000001,0.10500000000000001,98.48254931714719,29.24090909090909,28.55,93.32321699544764,9.656818181818181,9.3,93.32321699544764,61.08,37.599999999999994,98.48254931714719,11.55,11.1,93.62670713201821,275.2857142857143,243.0,98.93778452200304,154.76190476190476,146.5,93.62670713201821
Dataset B,-17,672,672,87.8868378812199,86.0,7.291666666666667,97.1394779771615,98.0,8.779761904761903,37.10631768953069,37.1,58.779761904761905,127.15938511326861,125.75,8.035714285714286,85.59837398373983,85.0,8.482142857142858,65.00930420711974,63.0,8.035714285714286,19.33828996282528,19.0,19.940476190476193,33.1656976744186,33.0,74.40476190476191,,,100.0,,,100.0,0.5081818181818183,0.4,95.08928571428571,7.398529411764706,7.41,94.94047619047619,37.72941176470588,37.4,94.94047619047619,95.14814814814815,97.7,95.98214285714286,996.3,49.5,98.51190476190477,23.486486486486488,18.0,94.49404761904762,79.9,81.0,98.51190476190477,5.739285714285714,7.75,91.66666666666666,103.57142857142857,103.0,98.95833333333334,1.4427027027027026,1.17,94.49404761904762,,,100.0,140.0049504950495,130.0,69.94047619047619,2.6941666666666664,1.575,96.42857142857143,2.1818181818181817,2.2,95.08928571428571,3.448,3.1,96.27976190476191,4.076190476190477,4.0,90.625,5.12,2.3,98.51190476190477,14.319999999999999,1.25,98.51190476190477,29.430303030303033,29.2,95.08928571428571,9.676470588235293,9.55,94.94047619047619,29.3,28.9,99.55357142857143,11.196774193548388,11.6,95.38690476190477,445.6666666666667,557.0,99.55357142857143,195.93548387096774,172.0,95.38690476190477
Dataset B,-16,684,684,88.31020733652312,87.5,8.333333333333332,97.04186795491144,98.0,9.210526315789473,37.118458781362,37.1,59.210526315789465,126.31330128205128,125.0,8.771929824561402,84.96067415730337,83.0,8.91812865497076,64.3066185897436,62.5,8.771929824561402,19.263302752293576,19.0,20.321637426900587,32.985207100591715,34.0,75.29239766081871,-8.0,-8.0,99.85380116959064,,,100.0,0.495,0.4,95.6140350877193,7.355652173913044,7.38,96.6374269005848,43.37826086956522,43.0,96.6374269005848,96.2888888888889,97.55,97.36842105263158,76.625,55.0,98.83040935672514,23.852941176470587,20.0,95.02923976608187,105.625,70.0,98.83040935672514,5.751764705882354,7.7,92.54385964912281,102.4,102.0,99.26900584795322,1.411764705882353,0.995,95.02923976608187,0.8,0.8,99.85380116959064,140.29098360655738,131.0,73.24561403508771,3.3185000000000002,1.845,97.07602339181285,2.2605263157894737,2.25,94.44444444444444,3.3190476190476192,3.3,96.9298245614035,4.14396551724138,4.1,91.52046783625731,4.637499999999999,1.05,98.83040935672514,5.748749999999999,0.19,97.6608187134503,29.68333333333333,28.15,94.73684210526315,9.64722222222222,9.1,94.73684210526315,47.220000000000006,41.1,98.53801169590643,13.808823529411764,13.15,95.02923976608187,328.6,178.0,99.26900584795322,191.64705882352942,198.0,95.02923976608187
Dataset B,-15,695,695,88.9773082942097,87.0,8.057553956834532,97.04041204437401,98.0,9.20863309352518,37.090989399293285,37.1,59.280575539568346,126.85987261146497,125.0,9.640287769784173,85.17356687898089,84.0,9.640287769784173,64.50079617834395,63.0,9.640287769784173,19.07,18.0,20.863309352517987,32.921052631578945,33.0,75.39568345323741,-6.1000000000000005,-6.1000000000000005,99.71223021582733,21.9,21.9,99.85611510791367,0.6055263157894736,0.5,94.53237410071942,7.371212121212121,7.39,95.25179856115108,39.35151515151515,39.0,95.25179856115108,95.89259259259259,96.7,96.11510791366906,207.41666666666666,49.0,98.27338129496403,25.685714285714287,20.0,94.96402877697841,104.58333333333333,71.5,98.27338129496403,5.690344827586207,7.75,91.65467625899281,105.0,107.0,98.84892086330936,1.5025714285714284,0.88,94.96402877697841,0.30000000000000004,0.30000000000000004,99.71223021582733,140.90769230769232,130.0,71.94244604316546,2.6873076923076926,1.76,96.2589928057554,2.15,2.1,94.53237410071942,3.16875,2.95,97.6978417266187,4.122191780821918,4.1,89.49640287769785,1.4083333333333332,0.95,98.27338129496403,64.905,15.145,99.42446043165467,30.794285714285714,30.6,94.96402877697841,10.075,10.0,94.82014388489208,74.975,30.9,99.42446043165467,12.124137931034484,10.5,95.8273381294964,163.0,163.0,99.71223021582733,213.6,188.5,95.68345323741008
Dataset B,-14,706,706,89.02995391705069,88.0,7.790368271954675,96.93255813953489,98.0,8.640226628895183,37.101551724137934,37.1,58.92351274787535,126.32115085536547,125.0,8.923512747875353,84.70109546165884,83.0,9.490084985835693,63.68535825545171,62.0,9.06515580736544,19.25225225225225,18.0,21.388101983002834,32.87777777777778,34.0,74.5042492917847,-10.6,-10.6,99.85835694050992,,,100.0,0.5878125000000001,0.5,95.46742209631728,7.347307692307693,7.355,96.3172804532578,42.36538461538461,40.0,96.3172804532578,96.57272727272726,98.19999999999999,96.88385269121812,244.3846153846154,35.0,98.15864022662889,29.569444444444443,25.5,94.90084985835693,99.14285714285714,75.5,98.01699716713881,6.0633333333333335,7.7,92.77620396600567,105.5,105.5,99.43342776203966,1.645,1.27,94.90084985835693,1.1333333333333333,0.9,99.57507082152975,136.51973684210526,126.25,73.08781869688386,3.5905555555555555,2.085,97.45042492917847,2.1939393939393943,2.0,95.3257790368272,3.2086956521739136,3.2,96.74220963172804,4.0655,4.0,91.5014164305949,1.2750000000000001,0.9,98.01699716713881,37.93666666666667,3.28,98.72521246458923,29.065853658536586,28.5,94.19263456090651,9.595121951219511,9.2,94.19263456090651,42.86666666666667,37.3,98.72521246458923,11.636842105263158,11.45,94.61756373937678,297.3333333333333,194.5,99.15014164305948,160.55263157894737,142.0,94.61756373937678
Dataset B,-13,722,722,88.36726998491704,88.0,8.171745152354571,97.0105900151286,98.0,8.448753462603879,37.19530685920577,37.25,61.634349030470915,127.0625,126.0,9.141274238227147,85.00228310502283,84.0,9.002770083102494,64.0876524390244,63.0,9.141274238227147,19.200179533213646,18.0,22.85318559556787,32.89071038251366,33.0,74.65373961218836,-1.55,-1.55,99.7229916897507,,,100.0,0.6117857142857143,0.5,96.1218836565097,7.355416666666667,7.365,96.67590027700831,41.708333333333336,39.0,96.67590027700831,97.07222222222222,97.05,97.50692520775624,91.0909090909091,32.0,98.47645429362882,34.42857142857143,22.0,95.15235457063712,63.09090909090909,60.0,98.47645429362882,5.828490566037735,7.6,92.65927977839335,103.66666666666667,104.5,99.16897506925207,2.0534285714285714,1.21,95.15235457063712,0.25,0.25,99.7229916897507,138.39268292682928,130.0,71.60664819944598,2.584090909090909,1.78,96.95290858725761,2.279166666666667,2.1,95.01385041551247,4.104347826086957,3.5,96.81440443213296,4.157333333333333,4.1,91.68975069252078,1.1636363636363638,0.8,98.47645429362882,3.928181818181818,0.73,98.47645429362882,30.28235294117647,30.950000000000003,95.29085872576178,10.178125000000001,10.350000000000001,95.56786703601108,52.55,37.4,98.47645429362882,12.274193548387096,10.9,95.70637119113573,334.25,271.0,99.44598337950139,173.0,195.0,95.70637119113573
Dataset B,-12,743,743,88.64285714285714,88.0,9.55585464333782,97.02865761689291,98.0,10.767160161507402,37.108602150537635,37.1,62.44952893674294,125.4553706505295,123.0,11.036339165545089,84.47432024169184,83.0,10.901749663526244,63.96293494704992,62.0,11.036339165545089,19.336267605633804,18.5,23.553162853297444,33.297814207650276,34.0,75.37012113055181,0.6833333333333336,-2.8,99.59623149394348,22.7,22.7,99.86541049798116,0.5772727272727273,0.4,95.5585464333782,7.3955882352941185,7.4,95.42395693135936,36.33235294117647,35.6,95.42395693135936,97.13076923076923,97.45,96.5006729475101,78.73333333333333,58.0,97.98115746971736,26.11904761904762,24.0,94.34724091520862,74.26666666666667,60.0,97.98115746971736,5.852903225806451,7.75,91.65545087483177,105.1,105.0,98.65410497981158,1.5576190476190477,1.16,94.34724091520862,0.73,0.73,99.7308209959623,142.19642857142858,130.5,73.62045760430686,3.313448275862069,2.37,96.09690444145357,2.08,2.1,94.6164199192463,3.4964285714285714,3.45,96.23149394347242,4.063815789473685,4.1,89.77119784656796,1.4199999999999997,0.9,97.98115746971736,4.3536363636363635,0.27,98.51951547779272,31.475,29.65,94.6164199192463,10.046153846153846,9.3,94.75100942126514,57.660000000000004,46.1,99.32705248990578,12.748571428571429,12.4,95.28936742934052,231.5,231.5,99.7308209959623,232.17142857142858,201.0,95.28936742934052
Dataset B,-11,757,757,89.04552023121387,88.0,8.58652575957728,97.06534508076358,98.0,10.039630118890356,37.15317725752508,37.2,60.501981505944514,127.55205278592375,126.0,9.907529722589167,85.5839469808542,84.0,10.303830911492733,64.19354838709677,62.0,9.907529722589167,19.628401360544217,19.0,22.324966974900924,33.43715846994535,34.0,75.82562747688243,-0.21000000000000013,-4.1,99.33949801849406,23.633333333333336,19.3,99.60369881109644,0.5272972972972972,0.4,95.112285336856,7.385757575757577,7.42,95.64068692206077,39.60606060606061,39.0,95.64068692206077,95.47222222222223,96.5,96.4332892998679,436.2857142857143,43.5,98.15059445178336,20.88372093023256,18.0,94.31968295904888,76.92857142857143,72.5,98.15059445178336,6.055000000000001,7.9,92.07397622192866,103.61111111111111,103.5,98.81109643328931,1.32,1.08,94.31968295904888,0.6933333333333334,0.5,99.60369881109644,139.63530927835052,130.5,74.37252311756936,2.907857142857143,1.575,96.30118890356671,2.1875,2.1,94.71598414795245,3.7545454545454544,3.6500000000000004,97.09379128137384,4.1204,4.1,90.09247027741083,2.542857142857143,1.15,98.15059445178336,3.961052631578947,0.16,97.49009247027742,29.488235294117647,29.0,93.26287978863937,9.533673469387754,9.6,93.52708058124173,64.24545454545454,39.6,98.54689564068693,12.43409090909091,11.05,94.18758256274768,326.0,252.0,99.33949801849406,170.47727272727272,156.0,94.18758256274768
Dataset B,-10,764,764,88.63849431818181,88.0,7.853403141361256,97.03246753246754,98.0,9.293193717277488,37.152389078498295,37.1,61.64921465968587,127.09582132564842,125.0,9.162303664921465,85.70839363241679,84.0,9.55497382198953,65.03746397694525,63.0,9.162303664921465,19.4109243697479,18.5,22.12041884816754,33.1283422459893,33.0,75.52356020942408,-7.725,-7.725,99.73821989528795,18.875,18.875,99.73821989528795,0.5981818181818183,0.5,95.68062827225131,7.378064516129031,7.38,95.94240837696336,42.264516129032266,40.0,95.94240837696336,95.89444444444445,96.2,96.46596858638743,98.75,59.0,97.38219895287958,32.725,25.5,94.76439790575915,127.75,81.0,97.38219895287958,5.755084745762712,7.4,92.27748691099477,104.75,106.0,98.95287958115183,1.77,1.105,94.76439790575915,1.6424999999999998,0.44999999999999996,99.47643979057592,135.5076530612245,129.0,74.3455497382199,3.0143478260869565,1.99,96.98952879581152,2.1129032258064515,2.1,95.94240837696336,3.54,3.8,97.38219895287958,4.1287692307692305,4.0,91.49214659685863,2.6380952380952385,1.2,97.25130890052355,17.197692307692307,0.26,98.29842931937172,28.326999999999998,28.25,93.45549738219894,9.236538461538462,9.0,93.19371727748691,83.66,76.4,98.69109947643979,10.505555555555556,9.9,94.10994764397905,341.3333333333333,299.5,98.42931937172776,171.1195652173913,165.0,93.97905759162303
Dataset B,-9,777,777,89.37759336099585,88.0,6.94980694980695,96.89240506329114,98.0,8.494208494208493,37.16896024464832,37.2,57.91505791505791,125.84030683403068,123.0,7.722007722007722,84.97276536312849,83.0,7.850707850707852,64.30264993026499,63.0,7.722007722007722,19.482055464926592,19.0,21.10682110682111,32.816326530612244,32.75,74.77477477477478,1.7899999999999991,0.6,99.35649935649936,26.26,25.4,99.35649935649936,0.5403571428571429,0.5,96.3963963963964,7.350625,7.36,95.88159588159589,43.01875,41.9,95.88159588159589,96.0,97.5,96.52509652509652,238.76923076923077,34.0,98.32689832689833,28.363636363636363,21.5,94.33719433719435,93.3076923076923,65.0,98.32689832689833,6.175873015873017,8.1,91.8918918918919,108.625,107.5,98.45559845559846,1.4381818181818182,1.105,94.33719433719435,,,100.0,133.91981132075472,129.0,72.71557271557272,2.497142857142857,1.53,96.3963963963964,2.0666666666666664,2.0,94.98069498069498,3.5879999999999996,3.5,96.78249678249678,4.062837837837837,4.0,90.47619047619048,1.3692307692307693,1.1,98.32689832689833,3.6333333333333333,0.09,98.45559845559846,31.702222222222222,32.0,94.20849420849422,10.282608695652174,10.25,94.07979407979408,40.833333333333336,31.9,98.06949806949807,13.360526315789473,11.7,95.10939510939511,393.5,269.0,99.48519948519949,184.8048780487805,171.0,94.72329472329473
Dataset B,-8,792,792,89.54080221300138,88.0,8.712121212121213,96.71589310829818,97.5,10.227272727272728,37.1234899328859,37.1,62.37373737373737,125.38008415147264,123.0,9.974747474747476,84.96713286713286,82.0,9.722222222222223,64.71669004207574,63.0,9.974747474747476,19.630470016207454,19.0,22.095959595959595,33.505181347150256,33.5,75.63131313131312,-0.3333333333333334,0.4,99.62121212121212,25.6,25.6,99.74747474747475,0.5836666666666666,0.5,96.21212121212122,7.37969696969697,7.39,95.83333333333334,38.78387096774193,39.0,96.08585858585859,96.42758620689655,97.2,96.33838383838383,368.4,88.0,98.10606060606061,24.933333333333334,18.0,94.31818181818183,93.21875,86.25,97.97979797979798,6.3939682539682545,8.1,92.04545454545455,107.33333333333333,105.0,98.86363636363636,1.5526666666666669,0.98,94.31818181818183,1.2666666666666668,0.4,99.62121212121212,138.78643216080403,129.0,74.87373737373737,2.8984615384615386,2.06,96.71717171717171,2.141860465116279,2.0,94.57070707070707,3.6714285714285717,3.4,96.46464646464646,4.23391891891892,4.1,90.65656565656566,2.9375,1.45,97.97979797979798,23.570769230769233,1.18,98.35858585858585,29.639024390243904,28.1,94.82323232323232,10.0,9.55,94.94949494949495,70.13636363636364,41.5,98.61111111111111,11.902702702702703,11.3,95.32828282828282,292.0,266.0,99.11616161616162,188.25,176.0,94.94949494949495
Dataset B,-7,800,800,89.12988826815642,88.0,10.5,96.69814020028612,97.0,12.625,37.12247557003258,37.1,61.625,126.13009845288326,124.0,11.125,85.24364406779661,84.0,11.5,64.5084388185654,63.0,11.125,19.68026101141925,19.0,23.375,33.0,33.0,75.5,-1.4874999999999998,-2.075,99.5,25.25,24.65,99.625,0.5990909090909091,0.5,95.875,7.377812500000001,7.385,96.0,39.978125000000006,38.0,96.0,95.79038461538462,96.6,96.75,106.92857142857143,49.0,98.25,28.594594594594593,24.0,95.375,89.71428571428571,56.0,98.25,6.186730769230769,8.1,93.5,103.88888888888889,106.0,98.875,1.5327027027027027,1.14,95.375,0.5,0.5,99.75,137.08139534883722,129.0,73.125,2.8346153846153843,2.03,96.75,2.1794871794871793,2.1,95.125,3.5076923076923077,3.25,96.75,4.113384615384615,4.0,91.875,2.9,1.0,98.25,8.864285714285714,4.75,99.125,29.26222222222222,29.0,94.375,9.61590909090909,9.75,94.5,50.583333333333336,47.8,99.25,14.651219512195123,11.6,94.875,384.3333333333333,101.0,99.625,186.9512195121951,163.0,94.875
Dataset B,-6,815,815,89.54539385847796,89.0,8.098159509202455,96.73983739837398,97.5,9.447852760736195,37.15868902439024,37.2,59.75460122699386,126.2472972972973,124.0,9.202453987730062,84.81461434370772,83.5,9.325153374233128,64.06216216216217,64.0,9.202453987730062,19.80472440944882,20.0,22.085889570552148,33.19095477386934,33.0,75.58282208588956,-3.0,-1.5,99.14110429447854,23.0875,22.775,99.50920245398774,0.5915625,0.5,96.07361963190183,7.362820512820512,7.36,95.21472392638037,42.15384615384615,41.4,95.21472392638037,97.09027777777777,97.6,95.58282208588957,132.7058823529412,49.0,97.91411042944786,26.48,20.5,93.86503067484662,81.29411764705883,73.0,97.91411042944786,5.838378378378378,7.6,90.920245398773,108.35,108.5,98.77300613496932,1.5092,1.02,93.86503067484662,0.6,0.6,99.87730061349693,139.289592760181,132.0,72.88343558282209,3.326111111111111,1.77,95.58282208588957,2.265909090909091,2.2,94.60122699386503,3.4225806451612906,3.4,96.1963190184049,4.1238202247191005,4.0,89.079754601227,3.9176470588235293,1.0,97.91411042944786,11.112727272727273,0.18,98.65030674846625,29.597540983606557,29.9,92.51533742331289,9.568548387096774,9.649999999999999,92.39263803680981,37.80769230769231,34.0,98.40490797546012,11.314814814814815,10.25,93.37423312883436,314.85714285714283,272.0,99.14110429447854,173.16666666666666,151.5,93.37423312883436
Dataset B,-5,838,838,89.87615894039735,89.0,9.904534606205251,96.84078590785907,98.0,11.933174224343675,37.138517441860465,37.2,58.94988066825776,125.44181940700808,123.0,11.455847255369928,84.44654939106901,83.0,11.813842482100238,63.982479784366575,62.0,11.455847255369928,19.797488226059656,20.0,23.98568019093079,33.38647342995169,33.0,75.2983293556086,-3.2125000000000004,-4.25,99.52267303102626,22.116666666666664,19.9,99.64200477326969,0.6037837837837838,0.5,95.58472553699285,7.334999999999999,7.35,95.94272076372316,43.41515151515151,41.0,96.06205250596659,94.988,96.7,97.01670644391407,214.85714285714286,41.5,98.32935560859188,33.38636363636363,24.0,94.74940334128878,104.92857142857143,85.5,98.32935560859188,5.697647058823529,7.7,91.8854415274463,107.81818181818181,106.0,98.68735083532219,1.7402272727272725,1.29,94.74940334128878,6.35,6.35,99.76133651551312,135.7462686567164,128.0,76.0143198090692,3.6489655172413795,1.81,96.53937947494033,2.2025641025641027,2.2,95.34606205250597,3.775,3.25,97.61336515513126,4.188441558441558,4.0,90.81145584725537,3.6642857142857146,1.05,98.32935560859188,20.192500000000003,0.905,98.56801909307876,27.4875,26.9,94.27207637231504,9.039795918367346,8.8,94.1527446300716,48.589999999999996,46.15,98.80668257756562,11.93720930232558,11.2,94.86873508353221,329.0,356.0,99.52267303102626,158.1904761904762,160.5,94.98806682577565
Dataset B,-4,854,854,89.92125480153649,89.0,8.548009367681498,96.7663612565445,97.5,10.53864168618267,37.12271341463415,37.1,61.59250585480094,125.88067444876783,123.0,9.718969555035128,84.49674902470741,82.5,9.953161592505854,64.11002594033722,62.0,9.718969555035128,19.7701062215478,20.0,22.833723653395786,33.12135922330097,33.0,75.87822014051523,-5.15,-5.15,99.76580796252928,19.5,19.5,99.88290398126463,0.6083333333333334,0.5800000000000001,95.08196721311475,7.355777777777778,7.38,94.73067915690866,42.031111111111116,38.0,94.73067915690866,96.5030303030303,97.9,96.13583138173301,190.83333333333334,61.0,97.89227166276346,21.887755102040817,16.0,94.26229508196722,103.6842105263158,75.0,97.7751756440281,6.200142857142857,7.9,91.80327868852459,103.76923076923077,105.0,98.47775175644028,1.4318367346938774,0.95,94.26229508196722,0.27999999999999997,0.14,99.64871194379391,136.07589285714286,127.0,73.77049180327869,3.8428125,1.9899999999999998,96.25292740046838,2.1009615384615383,2.1,93.91100702576112,3.5058823529411764,3.5,96.01873536299766,4.059166666666666,4.0,90.1639344262295,2.2473684210526317,1.6,97.7751756440281,5.415625,0.16999999999999998,98.12646370023418,29.975531914893615,29.0,94.49648711943794,9.753191489361702,9.4,94.49648711943794,61.19166666666666,30.5,98.59484777517564,12.158888888888889,10.8,94.73067915690866,329.0,410.0,99.41451990632318,182.2,167.0,94.73067915690866
Dataset B,-3,869,869,90.15644555694618,89.0,8.05523590333717,96.75159642401022,98.0,9.896432681242807,37.25436746987952,37.3,61.795166858457996,125.23451327433628,124.0,8.975834292289989,84.11621966794381,82.0,9.896432681242807,63.79240506329114,63.0,9.090909090909092,19.739940387481372,19.0,22.78481012658228,32.808056872037916,33.0,75.71921749136939,-0.36250000000000027,0.975,99.5397008055236,23.53333333333333,24.8,99.6547756041427,0.6023076923076923,0.5,95.512082853855,7.386410256410256,7.38,95.512082853855,39.233333333333334,36.0,95.512082853855,95.96911764705882,96.80000000000001,96.08745684695052,157.41176470588235,65.0,98.04372842347526,29.440677966101696,19.0,93.21058688147296,80.58823529411765,58.0,98.04372842347526,6.242716049382715,7.8,90.6789413118527,105.4,103.5,98.84925201380898,1.5496610169491527,1.11,93.21058688147296,0.43333333333333335,0.3,99.6547756041427,134.59347826086957,125.0,73.53279631760644,2.9015625,1.72,96.31760644418873,2.29811320754717,2.2,93.90103567318758,3.4305555555555554,3.3,95.8573072497123,4.175263157894737,4.1,89.06789413118527,2.923529411764706,1.5,98.04372842347526,1.0233333333333332,0.1,98.27387802071347,30.661194029850748,29.1,92.28998849252014,10.032575757575756,9.5,92.40506329113924,33.67272727272728,31.4,98.73417721518987,13.881967213114756,12.7,92.98043728423475,333.0,220.0,99.42462600690449,172.01612903225808,159.0,92.86536248561565
Dataset B,-2,890,890,90.30793060718712,90.0,9.325842696629213,96.63287153652394,97.0,10.786516853932584,37.19075757575758,37.2,62.92134831460674,125.40150564617315,123.0,10.44943820224719,84.80720606826802,83.0,11.123595505617978,64.51348808030113,63.0,10.44943820224719,19.719076005961252,19.0,24.60674157303371,32.74444444444445,32.5,74.71910112359551,-1.7166666666666666,-3.4,99.6629213483146,26.85,26.85,99.8876404494382,0.6175,0.5,95.0561797752809,7.404090909090908,7.4,95.0561797752809,37.08139534883721,36.8,95.16853932584269,96.33749999999999,98.05000000000001,95.95505617977528,127.80952380952381,58.0,97.64044943820225,31.313725490196077,27.0,94.26966292134831,124.76190476190476,77.0,97.64044943820225,5.831200000000001,7.9,91.57303370786516,104.5625,105.75,99.10112359550561,1.7776470588235294,1.24,94.26966292134831,0.55,0.55,99.7752808988764,141.88169642857142,133.5,74.8314606741573,3.2117142857142857,2.05,96.06741573033707,2.0708333333333333,2.0,94.6067415730337,3.92962962962963,3.5,96.96629213483146,4.19093023255814,4.1,90.3370786516854,1.3142857142857143,1.1,97.64044943820225,17.329285714285717,0.44000000000000006,98.42696629213484,29.707407407407405,28.299999999999997,93.93258426966293,9.698076923076924,9.2,94.15730337078652,41.41538461538461,29.2,98.53932584269664,14.06875,12.8,94.6067415730337,219.57142857142858,245.0,99.21348314606742,197.26530612244898,182.0,94.49438202247191
Dataset B,-1,919,919,90.44060606060606,90.0,10.228509249183896,96.68103448275862,97.0,11.643090315560393,37.1248670212766,37.2,59.08596300326442,125.81840490797546,123.0,11.31664853101197,84.5350553505535,82.0,11.534276387377584,64.19386503067484,63.0,11.31664853101197,19.877682403433475,20.0,23.939064200217626,32.73981900452489,33.0,75.95212187159956,-3.707142857142857,-4.5,99.23830250272034,21.65,22.6,99.56474428726877,0.5769387755102041,0.5,94.66811751904244,7.379787234042554,7.39,94.88574537540805,39.75833333333333,38.1,94.77693144722524,96.23255813953489,97.7,95.32100108813928,332.93333333333334,29.0,98.36779107725789,35.05769230769231,27.0,94.34167573449402,85.125,77.0,98.25897714907508,6.017972972972972,7.7,91.94776931447225,108.5,107.0,98.80304678998912,1.8065384615384614,1.3050000000000002,94.34167573449402,0.6900000000000001,0.4,99.45593035908597,138.62923728813558,130.0,74.31991294885746,2.725277777777778,1.795,96.08269858541894,2.3857142857142857,2.2,94.66811751904244,3.6999999999999997,3.3,97.38846572361263,4.165,4.1,90.85963003264418,1.2676470588235293,1.2,98.15016322089227,4.8109090909090915,0.58,97.60609357997824,30.553333333333338,31.15,93.47116430903155,10.000877192982456,10.0,93.79760609357997,33.24375,32.4,98.25897714907508,13.560377358490566,12.3,94.2328618063112,318.77777777777777,325.0,99.02067464635473,180.95454545454547,164.0,94.0152339499456
