Feature,Data_Type,Missing_Count,Missing_Percentage,Unique_Values,Minimum,Maximum,Mean,Median,Std_Dev,Q1,Q3,IQR,Lower_IQR_Bound,Upper_IQR_Bound,IQR_Outlier_Count,IQR_Outlier_Percentage,Constant_Feature
TroponinI,float64,1053077,99.04004950699907,1948,0.01,271.6,8.33677476241795,0.31,23.646022523672006,0.04,4.15,4.11,-6.125000000000001,10.315000000000001,1720,16.851180562359165,False
SaO2,float64,1027200,96.60636292843681,373,24.0,100.0,92.64733261279238,97.0,10.941613875077143,94.2,98.0,3.799999999999997,88.5,103.69999999999999,5641,15.632967520230572,False
AST,float64,1046466,98.41829652284808,1641,3.0,9961.0,268.7179510048757,41.0,876.0618666200693,22.0,112.0,90.0,-113.0,247.0,2603,15.477464621239148,False
HospAdmTime,float64,8,0.0007523860041155515,9515,-3397.64,23.99,-55.02286226718181,-6.0,146.81582829157225,-46.5,-0.04,46.46,-116.19,69.64999999999999,148248,13.94256994421016,False
Calcium,float64,1001410,94.1808585476693,490,1.0,27.9,7.5738268093221714,8.3,2.408356120002056,7.7,8.8,1.1000000000000005,6.049999999999999,10.450000000000001,8493,13.726282444968806,False
Bilirubin_direct,float64,1061308,99.81416065698346,233,0.01,30.0,1.752818825910931,0.4,3.483207033765108,0.2,1.6,1.4000000000000001,-1.9000000000000001,3.7,258,13.056680161943321,False
Bilirubin_total,float64,1047799,98.54366284078384,363,0.1,49.6,2.1078366160800774,0.8,4.378936296349418,0.5,1.6,1.1,-1.1500000000000001,3.25,1994,12.876977720374555,False
FiO2,float64,976166,91.80670451168267,96,-50.0,4000.0,0.5676179434789597,0.5,13.55274145832707,0.4,0.55,0.15000000000000002,0.175,0.7750000000000001,10679,12.258086732936937,False
Creatinine,float64,998895,93.94432719762547,1276,0.1,46.6,1.5102171178306856,0.93,1.809453474449915,0.7,1.42,0.72,-0.3800000000000001,2.5,7549,11.724052244948671,False
PTT,float64,1032247,97.08102444878321,1295,12.5,250.0,41.01509843090504,32.3,25.75359924707916,27.8,42.7,14.900000000000002,5.449999999999999,65.05000000000001,3265,10.51970229081419,False
